Original Date,Original Fxer,Reassess Date,Reassessor,Prev Alp,PrevTL,Prev BTL,Rev Alp,RevTL,Rev BTL,Conf,Prev Prob 1,Prev Prob 2,Reasess P1,Reassess P2,Why change? ,Why #2?,Today Alp,Today TL,Today BTL,Conf,Tdy Prob 1,Tdy Prob 2,Tomorrow Alp,Tomorrow TL,Tomorrow BTL,Conf,Notes,,,,,,
12/23/2021,Sykes,12/24/2021,Schauer,C,M,L,C,C,M,3,Wind Slab,Deep Slab,,,Wind Fx,,C,M,L,4,Wind Slab,Deep Slab,,,,,strong winds at mid and low elevations too,,,,,,
12/24/2021,Schauer,12/25/2021,Sykes,C,M,L,C,M,L,3,Wind Slab,Deep Slab,,,,,M,M,L,4,Wind Slab,Deep Slab,,,,,,,,,,,
12/25/2021,Sykes,12/26/2021,Schauer,M,M,L,M,M,L,4,Deep Slab,None,,,,Wind Fx,M,M,L,3,Deep Slab,,,,,,Seems like 12/25 didnt need to have wind slabs as p1,,,,,,
12/26/2021,Schauer,12/27/2021,Schauer,M,M,L,M,M,L,4,Deep Slab,,,,,,M,M,M,3,Deep Slab,Wind Slab,,,,,12/26 BTL should have been MOD if rain forecast verified. Turns out LOW worked because I blew the rain fx too.,,,,,,
12/27/2021,Schauer,12/28/2021,,,,,,,,,,,,,,,,,,,,,,,,,,,,,,,
12/28/2021,,12/29/2021,,,,,,,,,,,,,,,,,,,,,,,,,,,,,,,
12/29/2021,Wagner,12/30/2021,Sykes,M,M,L,M,M,L,4,Deep Slab,,,,,,L,L,L,4,None,,,,,,deep slab as additional concern for today's Fx,,,,,,
12/30/2021,Sykes,12/31/2021,Schauer,L,L,L,L,L,L,4,None,,,,,,M,L,L,3,Wind Slab,,,,,,today may be low at all elevations if we end up on the low end of the fx storm totals,,,,,,
12/31/2021,Schauer,1/1/2022,Sykes,M,L,L,M,L,L,3,Wind Slab,,,,,,M,M,L,3,Wind Slab,,,,,,Depending on winds it may be low at treeline elevations,,,,,,
1/1/2022,Sykes,1/2/2022,,M,M,L,,,,,,,,,,,,,,,,,,,,,,,,,,,
1/2/2022,,1/3/2022,,M,M,L,M,M,L,3,Wind Slab,,,,,,M,L,L,4,Wind Slab,,,,,,"Winds were highly variable across fx zone, areas that saw high winds have potenital for lingering wind slabs today",,,,,,
1/3/2022,,1/4/2022,,,,,,,,,,,,,,,,,,,,,,,,,,,,,,,
1/4/2022,,1/5/2022,,,,,,,,,,,,,,,,,,,,,,,,,,,,,,,
1/5/2022,,1/6/2022,,,,,,,,,,,,,,,,,,,,,,,,,,,,,,,
1/6/2022,,1/7/2022,,,,,,,,,,,,,,,,,,,,,,,,,,,,,,,
1/7/2022,,1/8/2022,,,,,,,,,,,,,,,,,,,,,,,,,,,,,,,
1/8/2022,,1/9/2022,Sykes,,,,,,,,,,,,,,,,,,,,,,,,,,,,,,
1/9/2022,Sykes,1/10/2022,Schauer,M,M,L,M,M,L,4,Wind Slab,,,,,,C,C,C,3,Storm Slab,,,,,,,,,,,,
1/10/2022,Schauer,1/11/2022,Schauer,C,C,C,C,C,C,4,Storm Slab,,,,,,C,M,M,4,,,,,,,,,,,,,
1/11/2022,Schauer,1/12/2022,Wagner,C,M,M,,,,,,,,,,,,,,,,,,,,,,,,,,,
1/12/2022,Wagner,1/13/2022,Sykes,,,,,,,,,,,,,,,,,,,,,,,,,,,,,,
1/13/2022,Sykes,1/14/2022,Schauer,H,H,C,H,H,C,4,Storm Slab,,,,,,C,C,M,4,Wind Slab,Persistent Slab,,,,,"Storm delivered, large natural activity 1/13-1/14, big Aly results",,,,,,
1/14/2022,Schauer,1/15/2022,Sykes,,,,,,,,,,,,,,,,,,,,,,,,,,,,,,
1/15/2022,Sykes,1/16/2022,Schauer,C,C,M,C,M,L,4,Wind Slab,Persistent Slab,,,Conditions more stable than anticipated,,C,M,L,2,Persistent Slab,,,,,,,,,,,,
1/16/2022,Schauer,1/17/2022,Wagner,C,M,L,M,M,L,3,Persistent Slab,,,,,,M,M,L,4,Persistent Slab,,,,,,,,,,,,
1/17/2022,Wagner,1/18/2022,Wagner,M,M,L,M,L,L,4,Wind Slab,Persistent Slab,,,,,M,L,L,4,Wind Slab,Persistent Slab,,,,,,,,,,,
1/18/2022,Wagner,1/19/2022,,,,,,,,,,,,,,,,,,,,,,,,,,,,,,,
1/19/2022,Wagner,1/20/2022,Sykes,,,,,,,,,,,,,,M,M,M,3,Wind Slab,,,,,,,,,,,,
1/20/2022,Sykes,1/21/2022,Schauer,M,M,M,C,M,M,2,Wind Slab,,,,Wind Fx,,H,C,C,4,Wind Slab,,,,,,Wind showed up earlier than wx fx was predicting,,,,,,
1/21/2022,Schauer,1/22/2022,Sykes,H,C,C,H,C,M,3,Wind Slab,,,,Conditions more stable than anticipated,,C,M,M,,,,,,,,Moist snow down low was not as reactive as anticipated on wind rolls BTL,,,,,,
1/22/2022,Sykes,1/23/2022,Schauer,C,M,M,C,M,M,5,Wind Slab,,,,,,C,M,M,5,Wind Slab,,,,,,,,,,,,
1/23/2022,Schauer,1/24/2022,Sykes,C,M,M,C,C,M,4,Wind Slab,,,,Wind Fx,,H,H,C,4,Storm Slab,,,,,,Winds started actively transporting snow at upper treeline elevations midday,,,,,,
1/24/2022,Sykes,1/25/2022,Wagner,H,H,C,H,H,C,4,Storm Slab,,,,,,C,C,M,3,Storm Slab,,,,,,,,,,,,
1/25/2022,Wagner,1/26/2022,Wagner,C,C,M,C,M,M,4,Storm Slab,,,,,,M,M,L,4,Wind Slab,,,,,,,,,,,,
1/26/2022,Wagner,1/27/2022,Sykes,M,M,L,M,M,L,3,Wind Slab,,,,,,C,C,M,3,Storm Slab,,,,,,Not sure if the storm totals will add up today. Could be mod at treeline if less snow than forecast,,,,,,
1/27/2022,Sykes,1/28/2022,Schauer,C,C,M,C,M,M,2,Wind Slab,,,,Wind Fx,,C,C,M,3,Wind Slab,,,,,,"1/27 may have been MOD at treeline. Seemed that way at Tincan, low snow totals and little wind. Storm snow sluffing. Maybe CON in Girdwood/Placer?",,,,,,
1/28/2022,Schauer,1/29/2022,,,,,,,,,,,,,,,,,,,,,,,,,,,,,,,
1/29/2022,Wagner,1/30/2022,Schauer,C,C,M,C,C,L,3,Wind Slab,,,,Old Surface,,C,M,L,3,Wind Slab,,,,,,crust up to 1000',,,,,,
1/30/2022,Schauer,1/31/2022,Schauer,C,M,L,C,M,L,4,Wind Slab,,,,,,M,M,L,,Wind Slab,,,,,,,,,,,,
1/31/2022,Schauer,2/1/2022,,,,,,,,,,,,,,,,,,,,,,,,,,,,,,,
2/1/2022,Wagner,2/2/2022,Sykes,C,C,M,C,C,M,4,Wind Slab,,,,,,M,M,L,4,Wind Slab,,,,,,,,,,,,
2/2/2022,Sykes,2/3/2022,Sykes,M,M,L,M,M,L,4,Wind Slab,,,,,,C,C,M,3,Wind Slab,,,,,,Uncertain about whether winds will make it down to treeline elevation band,,,,,,
2/3/2022,Sykes,2/4/2022,Schauer,C,C,M,C,C,M,3,Wind Slab,,,,,,M,M,L,4,,,,,,,,,,,,,
2/4/2022,Schauer,2/5/2022,Schauer,M,M,L,M,M,L,4,Wind Slab,,,,,,C,C,M,3,Wind Slab,,,,,,,,,,,,
2/5/2022,Schauer,2/6/2022,Sykes,C,C,M,C,C,M,4,Wind Slab,,,,,,M,M,L,4,Wind Slab,,,,,,,,,,,,
2/6/2022,Sykes,2/7/2022,,,,,,,,,,,,,,,,,,,,,,,,,,,,,,,
2/7/2022,,2/8/2022,,,,,,,,,,,,,,,,,,,,,,,,,,,,,,,
2/8/2022,,2/9/2022,,,,,,,,,,,,,,,,,,,,,,,,,,,,,,,
2/9/2022,Wagner,2/10/2022,Sykes,C,M,L,C,M,M,4,Wind Slab,a,,,Wind Fx,,C,M,M,4,Wind Slab,,,,,,Interested to know whether the winds reached treeline and it was actually considerable in some treeline locations,,,,,,
2/10/2022,Sykes,2/11/2022,Schauer,C,M,M,C,M,M,4,Wind Slab,,,,,,C,M,L,4,Wind Slab,,,,,,2/10 wind fx verified. widespread wind effect at treeline. Natural activity in alpine,,,,,,
2/11/2022,Schauer,2/12/2022,Sykes,C,M,L,C,M,L,3,Wind Slab,,,,,,M,M,L,4,Wind Slab,,,,,,,,,,,,
2/12/2022,Sykes,2/13/2022,Schauer,M,M,L,M,M,L,,Wind Slab,,,,,,M,L,L,4,Wind Slab,,,,,,Surprised to hear about naturals along hwy today... ,,,,,,
2/13/2022,Schauer,2/14/2022,Sykes,M,L,L,M,L,L,4,Wind Slab,,,,,,M,L,L,4,Wind Slab,,,,,,Was torn on whether to go moderate at treeline because of incoming storm in afternoon/evening,,,,,,
2/14/2022,Sykes,2/15/2022,Wagner,M,M,M,M,M,M,,Wind Slab,,,,,,,,,,,,,,,,,,,,,,
2/15/2022,Wagner,2/16/2022,Wagner,C,C,C,C,M,M,,Storm Slab,,,,,,,,,,,,,,,,,,,,,,
2/16/2022,Wagner,2/17/2022,Sykes,C,C,C,C,C,C,2,Storm Slab,,,,,,C,M,M,3,Wind Slab,,,,,,Might be storm slab if precip starts earlier than expected (3pm),,,,,,
2/17/2022,Sykes,2/18/2022,Schauer,C,M,M,C,M,M,,,,,,,,C,C,C,4,Wind Slab,,,,,,,,,,,,
2/18/2022,Schauer,2/19/2022,,,,,,,,,,,,,,,,,,,,,,,,,,,,,,,
2/19/2022,Sykes,2/20/2022,Schauer,C,C,M,M,M,M,3,Wind Slab,Persistent Slab,,,Conditions more stable than anticipated,,M,M,M,4,Persistent Slab,,,,,,"2/14 interface not as reactive as we thought it might be. Mixed results in pits from obs for the day, no more activity",,,,,,
2/20/2022,Schauer,2/21/2022,Schauer,M,M,M,M,M,M,4,Persistent Slab,,,,,,C,C,C,4,Wind Slab,Persistent Slab,,,,,,,,,,,
2/21/2022,Schauer,2/22/2022,Wagner,C,C,C,C,C,C,,,,,,,,,,,,,,,,,,,,,,,,
2/22/2022,Wagner,2/23/2022,Wagner,C,C,C,C,C,C,4,Storm Slab,Persistent Slab,,,,,,,,,,,,,,,,,,,,,
2/23/2022,Wagner,2/24/2022,,C,M,M,,,,,,,,,,,,,,,,,,,,,,,,,,,
2/24/2022,Sykes,2/25/2022,Schauer,C,C,C,C,C,C,3,Storm Slab,Persistent Slab,,Wind Slab,Precipitation Fx,,H,H,H,3,Storm Slab,Persistent Slab,,,,,"Storm is under-delivering precip, over delivering wind",,,,,,
2/25/2022,Schauer,2/26/2022,Sykes,H,H,H,H,C,C,3,Storm Slab,Persistent Slab,,Wind Slab,Precipitation Fx,,C,M,M,4,Wind Slab,Persistent Slab,,,,,,,,,,,
2/26/2022,Sykes,2/27/2022,Sykes,C,M,M,M,M,L,3,Wind Slab,Persistent Slab,,,,,M,M,L,4,Wind Slab,Persistent Slab,,,,,Persisent Slab going to unlikely?,,,,,,
2/27/2022,Sykes,2/28/2022,,,,,,,,,,,,,,,,,,,,,,,,,,,,,,,
2/28/2022,,3/1/2022,,,,,,,,,,,,,,,,,,,,,,,,,,,,,,,
3/1/2022,,3/2/2022,,,,,,,,,,,,,,,,,,,,,,,,,,,,,,,
3/2/2022,,3/3/2022,,,,,,,,,,,,,,,,,,,,,,,,,,,,,,,
3/3/2022,Sykes,3/4/2022,Schauer,C,M,M,C,M,M,4,Storm Slab,Deep Slab,,,,,C,C,M,3,Storm Slab,Persistent Slab,,,,,On the fence w/ TL danger level this morning. Went CON since Squirrel/Skookum are touchy. Same issue w/ storm slab vs wind slab for p1,,,,,,
3/4/2022,Schauer,3/5/2022,,,,,,,,,,,,,,,,,,,,,,,,,,,,,,,
3/5/2022,Sykes,3/6/2022,Schauer,C,C,M,C,C,M,3,Storm Slab,Deep Slab,,,,,C,M,L,3,Storm Slab,,,,,,"Took deep slab out. Not enough load to make this a concern, seems human tr. is very unlikely",,,,,,
3/6/2022,Schauer,3/7/2022,Schauer,C,M,L,C,M,L,3,Storm Slab,None,,,,,M,M,L,4,Storm Slab,,,,,,,,,,,,
3/7/2022,Schauer,3/8/2022,Schauer,M,M,L,M,M,L,4,Storm Slab,,,,,,M,M,L,4,Storm Slab,,,,,,Stuck with storm slab as p1 after looking at NAC guidelines,,,,,,
3/8/2022,Schauer,3/9/2022,,,,,,,,,,None,,,,,,,,,,,,,,,,,,,,,
3/9/2022,,3/10/2022,,,,,,,,,,None,,,,,,,,,,,,,,,,,,,,,
3/10/2022,Sykes,3/11/2022,Schauer,C,M,M,C,M,M,4,Wind Slab,Persistent Slab,,,,,M,M,L,3,Wind Slab,Persistent Slab,,,,,,,,,,,
3/11/2022,Schauer,3/12/2022,,,,,,,,,,,,,,,,,,,,,,,,,,,,,,,
3/12/2022,Sykes,3/13/2022,Schauer,M,M,L,M,M,L,4,Wind Slab,Persistent Slab,,,,,M,M,L,3,Persistent Slab,None,,,,,,,,,,,
3/13/2022,Schauer,3/14/2022,Sykes,M,M,L,M,M,L,3,Persistent Slab,,Wind Slab,Persistent Slab,Wind Fx,,M,M,L,3,Wind Slab,Persistent Slab,,,,,Winds got up to 15-20 mph with gusts to 30 mph from 11am to 11pm,,,,,,
3/14/2022,Sykes,3/15/2022,,,,,,,,,,,,,,,,,,,,,,,,,,,,,,,
3/15/2022,,3/16/2022,,,,,,,,,,,,,,,,,,,,,,,,,,,,,,,
3/16/2022,,3/17/2022,Sykes,,,,,,,,,,,,,,,,,,,,,,,,,,,,,,
3/17/2022,Sykes,3/18/2022,Schauer,M,M,L,M,M,L,3,Storm Slab,Persistent Slab,,,,,M,M,L,3,Wind Slab,Persistent Slab,,,,,,,,,,,
3/18/2022,Schauer,3/19/2022,,,,,,,,,,,,,,,,,,,,,,,,,,,,,,,
3/19/2022,,3/20/2022,,,,,,,,,,,,,,,,,,,,,,,,,,,,,,,
3/20/2022,,3/21/2022,,,,,,,,,,,,,,,,,,,,,,,,,,,,,,,
3/21/2022,,3/22/2022,,,,,,,,,,,,,,,,,,,,,,,,,,,,,,,
3/22/2022,,3/23/2022,,,,,,,,,,,,,,,,,,,,,,,,,,,,,,,
3/23/2022,,3/24/2022,,,,,,,,,,,,,,,,,,,,,,,,,,,,,,,
3/24/2022,,3/25/2022,,,,,,,,,,,,,,,,,,,,,,,,,,,,,,,
3/25/2022,,3/26/2022,Sykes,,,,,,,,,,,,,,,,,,,,,,,,,,,,,,
3/26/2022,Sykes,3/27/2022,Schauer,H,H,H,H,H,H,3,Storm Slab,Persistent Slab,,,,,C,C,M,3,Wind Slab,Persistent Slab,,,,,,,,,,,
3/27/2022,Schauer,3/28/2022,,C,C,M,,,,,Wind Slab,Persistent Slab,,,,,,,,,,,,,,,,,,,,,
3/28/2022,,3/29/2022,,,,,,,,,,,,,,,,,,,,,,,,,,,,,,,
3/29/2022,,3/30/2022,,,,,,,,,,,,,,,,,,,,,,,,,,,,,,,
3/30/2022,,3/31/2022,Sykes,,,,,,,,,,,,,,,,,,,,,,,,,,,,,,
3/31/2022,Sykes,4/1/2022,Schauer,C,M,L,C,M,L,3,Wind Slab,Deep Slab,,,,,C,C,M,3,Wind Slab,Persistent Slab,,,,,,,,,,,
4/1/2022,Schauer,4/2/2022,,C,C,M,,,,,Wind Slab,Persistent Slab,,,,,,,,,,,,,,,,,,,,,
11/1/2022,,11/2/2022,,,,,,,,,,,,,,,,,,,,,,,,,,,,,,,
11/2/2022,,11/3/2022,,,,,,,,,,,,,,,,,,,,,,,,,,,,,,,
11/3/2022,,11/4/2022,,,,,,,,,,,,,,,,,,,,,,,,,,,,,,,
11/4/2022,,11/5/2022,,,,,,,,,,,,,,,,,,,,,,,,,,,,,,,
11/5/2022,,11/6/2022,,,,,,,,,,,,,,,,,,,,,,,,,,,,,,,
11/6/2022,,11/7/2022,,,,,,,,,,,,,,,,,,,,,,,,,,,,,,,
11/7/2022,,11/8/2022,,,,,,,,,,,,,,,,,,,,,,,,,,,,,,,
11/8/2022,,11/9/2022,,,,,,,,,,,,,,,,,,,,,,,,,,,,,,,
11/9/2022,,11/10/2022,,,,,,,,,,,,,,,,,,,,,,,,,,,,,,,
11/10/2022,,11/11/2022,,,,,,,,,,,,,,,,,,,,,,,,,,,,,,,
11/11/2022,,11/12/2022,,,,,,,,,,,,,,,,,,,,,,,,,,,,,,,
11/12/2022,,11/13/2022,,,,,,,,,,,,,,,,,,,,,,,,,,,,,,,
11/13/2022,,11/14/2022,,,,,,,,,,,,,,,,,,,,,,,,,,,,,,,
11/14/2022,,11/15/2022,,,,,,,,,,,,,,,,,,,,,,,,,,,,,,,
11/15/2022,,11/16/2022,,,,,,,,,,,,,,,,,,,,,,,,,,,,,,,
11/16/2022,,11/17/2022,,,,,,,,,,,,,,,,,,,,,,,,,,,,,,,
11/17/2022,,11/18/2022,,,,,,,,,,,,,,,,,,,,,,,,,,,,,,,
11/18/2022,,11/19/2022,,,,,,,,,,,,,,,,,,,,,,,,,,,,,,,
11/19/2022,,11/20/2022,,,,,,,,,,,,,,,,,,,,,,,,,,,,,,,
11/20/2022,,11/21/2022,,,,,,,,,,,,,,,,,,,,,,,,,,,,,,,
11/21/2022,,11/22/2022,,,,,,,,,,,,,,,,,,,,,,,,,,,,,,,
11/22/2022,,11/23/2022,Schauer,,,,,,,,,,,,,,M,M,L,4,Wind Slab,Persistent Slab,M,L,L,2,,,,,,,
11/23/2022,Schauer,11/24/2022,Sykes,M,M,L,M,M,L,4,Wind Slab,Persistent Slab,Storm Slab,Persistent Slab,Precipitation Fx,,M,M,L,4,Wind Slab,Persistent Slab,C,M,L,3,"Increasing winds tomorrow leading to development of fresh, touchy wind slabs in alpine",,,,,,
11/24/2022,Sykes,11/25/2022,Wagner,M,M,L,M,M,L,3,Wind Slab,Persistent Slab,Wind Slab,Persistent Slab,,,M,M,L,3,Wind Slab,Persistent Slab,C,C,M,3,Outflow NW wind event expected to peak Saturday/tomorrow,,,,,,
11/25/2022,Wagner,11/26/2022,Sykes,M,M,L,M,M,L,4,Wind Slab,Persistent Slab,Wind Slab,Persistent Slab,,,C,M,L,3,Wind Slab,Persistent Slab,M,M,L,3,Decided in the morning to set danger at Treeline to moderate due to lower winds than expected at all T Pass weather stations. Had planned on considerable based on discussion with Wendy the night before,,,,,,
11/26/2022,Sykes,11/27/2022,Wagner,C,M,L,C,M,L,3,Wind Slab,Persistent Slab,Wind Slab,Persistent Slab,,,M,M,L,3,Wind Slab,Persistent Slab,M,M,L,3,,,,,,,
11/27/2022,Wagner,11/28/2022,Schauer,M,M,L,M,M,L,4,Wind Slab,Persistent Slab,Wind Slab,Persistent Slab,,,M,M,L,3,Wind Slab,Persistent Slab,M,L,L,3,Not quite sure how the 11/25-26 wind slabs are healing. Facets/SH below?,,,,,,
11/28/2022,Schauer,11/29/2022,Schauer,M,M,L,M,M,L,3,Wind Slab,Persistent Slab,Wind Slab,Persistent Slab,,,M,L,L,3,Persistent Slab,,M,L,L,3,,,,,,,
11/29/2022,Schauer,11/30/2022,Wagner,M,L,L,M,L,L,3,Persistent Slab,,Persistent Slab,,,,M,L,L,3,Persistent Slab,,M,L,L,3,,,,,,,
11/30/2022,Wagner,12/1/2022,Sykes,M,L,L,M,L,L,4,Persistent Slab,,Persistent Slab,,,,M,M,L,3,Wind Slab,Persistent Slab,M,L,L,3,"Was a conservative move to make TL moderate 12/1/22. I think this will be true only in areas seeing strong winds (crow pass, seattle ridge, corner of 4940 etc)",,,,,,
12/1/2022,Sykes,12/2/2022,Sykes,M,M,L,,,,,,,,,,,M,L,L,3,Wind Slab,Persistent Slab,M,L,L,4,No reassessment due to no field day 12.1.22,,,,,,
12/2/2022,Sykes,12/3/2022,Sykes,M,L,L,M,L,L,4,Wind Slab,Persistent Slab,Wind Slab,Persistent Slab,Conditions more stable than anticipated,,M,L,L,4,Persistent Slab,,L,L,L,4,Inteniontally kept it at moderate in alpine due to saturday fx and clear weather. Planning to move to low on Sunday,,,,,,
12/3/2022,Sykes,12/4/2022,Wagner,M,L,L,L,L,L,3,Persistent Slab,,,,,,L,L,L,3,None,,L,L,L,3,,,,,,,
12/4/2022,Wagner,12/5/2022,Schauer,L,L,L,L,L,L,5,,,,,,,M,L,L,2,Wind Slab,,M,L,L,3,Not quite sure if there will be enough wind to make for MOD in the alpine today...,,,,,,
12/5/2022,Schauer,12/6/2022,Schauer,M,L,L,L,L,L,1,Persistent Slab,,,,Wind lighter than Fx,,M,L,L,3,,,C,M,L,2,"On the fence for reassessing the alpine. Hard saying without any field info, but the wind stayed lighter than I thought it would.",,,,,,
12/6/2022,Schauer,12/7/2022,Wagner,M,L,L,,,,,,,,,,,C,C,M,3,Wind Slab,,C,M,L,2,Dependent upon new snow amounts and outlfow wind strength,,,,,,
12/7/2022,Wagner,12/8/2022,Sykes,C,C,M,C,C,M,4,Wind Slab,,Wind Slab,,,,C,C,M,4,Wind Slab,,C,M,M,3,Decided to keep treeline considerable today for travel advice and because adjacent areas to our forecast zone have dangerous snowpack conditions but no forecast. Easy to imagine wind slabs at treeline in many location within the forecast zone but did not find them at TPass yesterday due to that are being sheltered from NW winds.,,,,,,
12/8/2022,Sykes,12/9/2022,Schauer,C,C,M,C,M,M,3,Wind Slab,,,,Wind lighter than Fx,,C,C,M,3,Wind Slab,,C,M,L,2,,,,,,,
12/9/2022,Schauer,12/10/2022,Sykes,C,C,M,C,C,M,4,Wind Slab,,,,,,M,M,L,4,Wind Slab,,C,C,M,2,"Looks like ~6""+ of snow during daylight hours tomorrow, likely to go to high overnight on Sunday into Monday.",,,,,,
12/10/2022,Sykes,12/11/2022,Wagner,M,M,L,M,M,L,3,Wind Slab,,,,,,H,H,H,4,Storm Slab,,H,H,C,3,,,,,,,
12/11/2022,Wagner,12/12/2022,Schauer,H,H,H,H,H,C,2,Storm Slab,,,,Precipitation Fx,,H,H,C,3,,,C,C,C,2,"Storm didn't start picking up until right before sunset, maybe didn't hit high until after dark",,,,,,
12/12/2022,Schauer,12/13/2022,Schauer,H,H,C,H,H,C,2,Storm Slab,,,,Conditions more stable than anticipated,,C,C,M,3,,,C,C,M,3,,,,,,,
12/13/2022,Schauer,12/14/2022,Wagner,C,C,M,C,C,M,3,Wind Slab,,,,,,M,M,M,4,Wind Slab,,C,C,M,2,,,,,,,
12/14/2022,Wagner,12/15/2022,Sykes,M,M,M,M,M,M,2,Wind Slab,,Wind Slab,,,,C,C,M,3,Wind Slab,,M,M,M,3,"On the fence about storm slab as P1 today since we got 0.7"" SWE in Girdwood (Alyeska). Considerable may be an over forecast, especially for treeline, but we have a lot of uncertianty right now and combination of higher snowfall totals and wind today in parts of Fx regions justified conservative ratings. ",,,,,,
12/15/2022,Sykes,12/16/2022,Wagner,C,C,M,C,C,M,3,Wind Slab,,,,,,M,M,L,3,Wind Slab,,M,L,L,3,"Stabilizing wind slabs, wondering about Gwood crust issue Aly is seeing",,,,,,
12/16/2022,Wagner,12/17/2022,Sykes,M,M,L,C,C,M,3,Wind Slab,,Persistent Slab,,Avy Type Fx,,C,C,M,3,Persistent Slab,,M,M,M,3,Whumphing and lots of avalanche activity in Crow Creek area. Obs of whumphing in T Pass as well.,,,,,,
12/17/2022,Sykes,12/18/2022,Wagner,C,C,M,M,M,M,3,Persistent Slab,,,,Avy Sensitivity Fx,,M,M,M,3,Persistent Slab,,M,M,M,3,"Lots of tracks, little signs of instability, poor strurcture - scary MOD, no human tr avalanches on this layer yet",,,,,,
12/18/2022,Wagner,12/19/2022,Schauer,M,M,M,M,M,M,4,Persistent Slab,,,,,,M,M,M,4,Persistent Slab,,M,M,M,4,Looking like status quo for the time,,,,,,
12/19/2022,Schauer,12/20/2022,Schauer,M,M,M,M,M,M,4,Persistent Slab,,,,,,M,M,M,4,Persistent Slab,,M,M,M,3,,,,,,,
12/20/2022,Schauer,12/21/2022,Wagner,M,M,M,M,M,M,3,Persistent Slab,,,,,,M,M,L,3,Wind Slab,Persistent Slab,M,M,L,3,,,,,,,
12/21/2022,Wagner,12/22/2022,Wagner,M,M,L,M,M,L,4,Wind Slab,,,,,,M,M,L,3,Wind Slab,Persistent Slab,M,M,L,3,,,,,,,
12/22/2022,Wagner,12/23/2022,Schauer,M,M,L,M,M,L,4,Persistent Slab,,,,,,M,M,L,4,Persistent Slab,,M,M,L,3,,,,,,,
12/23/2022,Schauer,12/24/2022,Sykes,M,M,L,C,M,L,3,Persistent Slab,,Wind Slab,Persistent Slab,Wind stronger than Fx,Avy Sensitivity Fx,M,M,L,3,Persistent Slab,Wind Slab,C,C,M,2,Active wind loading and natural avalacnhes near Alyeska. Isolated area with high winds. Probably considerable danger in areas with those winds though,,,,,,
12/24/2022,Sykes,12/25/2022,Schauer,M,M,L,M,M,L,4,Persistent Slab,Wind Slab,,,,,C,C,M,3,Wind Slab,Persistent Slab,H,H,H,2,,,,,,,
12/25/2022,Schauer,12/26/2022,Schauer,C,C,M,C,C,M,3,Wind Slab,Persistent Slab,,,,,H,H,H,3,Storm Slab,Persistent Slab,C,C,M,2,,,,,,,
12/26/2022,Schauer,12/27/2022,Wagner,H,H,H,H,H,H,5,Storm Slab,Persistent Slab,,,,,H,H,H,3,Storm Slab,Persistent Slab,C,C,M,4,,,,,,,
12/27/2022,Wagner,12/28/2022,Wagner,H,H,H,C,C,M,3,Storm Slab,Persistent Slab,,,,,C,C,M,3,Storm Slab,Persistent Slab,C,M,L,3,Lack of info kept the 27th HIGH danger even though it was prob Cons.,,,,,,
12/28/2022,Wagner,12/29/2022,Sykes,C,C,M,C,M,M,3,Storm Slab,Persistent Slab,Storm Slab,Persistent Slab,Rain-Snow Line Fx,,C,M,L,3,Wind Slab,Persistent Slab,M,M,L,3,With stout MF crust up to 2200'+ the liklihood of avalanches in treeline seemed pretty low. Persistent WL and wind/storm slabs in alpine seem most likely,,,,,,
12/29/2022,Sykes,12/30/2022,Sykes,C,M,L,C,M,L,2,Wind Slab,Persistent Slab,Wind Slab,Persistent Slab,,,M,M,L,3,Wind Slab,Persistent Slab,C,C,M,3,Timing of storm incoming tomorrow will determine when the danger increases. Could go to high on Sunday early AM if storm arrives early.,,,,,,
12/30/2022,Sykes,12/31/2022,Sykes,M,M,L,M,L,L,2,Wind Slab,Persistent Slab,Wind Slab,Persistent Slab,Rain-Snow Line Fx,,C,C,M,3,Wind Slab,Persistent Slab,H,H,H,4,"Felt like low danger at treeine in crow creek yesterday. Lots of moist snow in the snowpack. Still able to penetrate to the ground with a boot, but skis were supportable on top of the Christmas crust. We only made it to 2000' so it is hard to say what it was doingn at the upper treeline band, but I assume it was still wet snow on the surface there.",,,,,,
12/31/2022,Sykes,1/1/2023,Wagner,C,C,M,C,C,M,3,Wind Slab,Persistent Slab,,,,,H,H,H,5,Storm Slab,Persistent Slab,C,C,M,3,,,,,,,
1/1/2023,Wagner,1/2/2023,Schauer,H,H,H,H,H,H,4,Storm Slab,Persistent Slab,,,,,C,C,M,3,Storm Slab,Persistent Slab,C,M,L,2,,,,,,,
1/2/2023,Schauer,1/3/2023,Schauer,C,C,M,C,C,M,3,Storm Slab,Persistent Slab,,,,,C,C,M,2,Storm Slab,Persistent Slab,C,C,M,2,,,,,,,
1/3/2023,Schauer,1/4/2023,Wagner,C,C,M,C,C,M,3,Storm Slab,Persistent Slab,,,,,C,C,M,3,Storm Slab,Persistent Slab,C,M,L,3,Prob gonna be Mod Jan 5 but maybe Cons for travel advise,,,,,,
1/4/2023,Wagner,1/5/2023,Sykes,C,C,M,C,M,M,3,Storm Slab,Persistent Slab,,,Avy Sensitivity Fx,,C,M,L,4,Wind Slab,Persistent Slab,M,M,L,3,"At least in the area we travelled on Jan 4 wind slabs were not reactive at treeline and the new snow was not reative as storm slabs. Maybe in deeper new snow areas it was Cons, but not what we saw in the field",,,,,,
1/5/2023,Sykes,1/6/2023,Wagner,C,M,L,C,M,L,4,Persistent Slab,,Persistent Slab,,,,M,M,L,3,Persistent Slab,,M,M,L,2,Low confidence in wx forecast based on NWS discussions,,,,,,
1/6/2023,Wagner,1/7/2023,Sykes,C,M,L,C,M,L,4,Persistent Slab,,Persistent Slab,,,,M,M,L,4,Persistent Slab,,M,M,L,2,Low confidence in wx forecast based on NWS discussions,,,,,,
1/7/2023,Sykes,1/8/2023,Wagner,M,M,L,C,M,L,4,Persistent Slab,,,,Avy Size Fx,,C,M,L,4,Persistent Slab,,C,M,L,4,All about travel advise... possible scary large avalanches all aspects,,,,,,
1/8/2023,Wagner,1/9/2023,Schauer,C,M,L,C,M,L,4,Persistent Slab,,,,,,C,M,L,4,Persistent Slab,,C,M,L,3,,,,,,,
1/9/2023,Schauer,1/10/2023,Schauer,C,M,L,C,M,L,3,Persistent Slab,,,,,,C,M,L,,Wind Slab,Persistent Slab,C,M,L,3,,,,,,,
1/10/2023,,1/11/2023,,,,,,,,,,,,,,,,,,,,,,,,,,,,,,,
1/11/2023,Wagner,1/12/2023,Sykes,C,M,L,C,M,L,4,Persistent Slab,Wind Slab,Persistent Slab,Wind Slab,Recent Snowfall,,M,M,L,3,Deep Slab,Wind Slab,M,M,L,3,,,,,,,
1/12/2023,Sykes,1/13/2023,Sykes,M,M,L,C,M,L,4,Deep Slab,Wind Slab,Deep Slab,Wind Slab,Avy Sensitivity Fx,,M,M,L,4,Deep Slab,Wind Slab,C,M,L,2,Increasing winds and light snowfall will bump danger back up in the alpine. Unsure about P1 and P2 tomorrow. Deep slabs more consequences but much less likely that wind slabs with SH underneath.,,,,,,
1/13/2023,Sykes,1/14/2023,Sykes,M,M,L,M,M,L,4,Deep Slab,Wind Slab,Deep Slab,Wind Slab,,,C,M,L,3,Deep Slab,Wind Slab,C,C,M,2,Lots of uncertianty in weather models. Depending on new snow amounts today and tomorrow the danger could stay moderate in TL band. ,,,,,,
1/14/2023,Sykes,1/15/2023,,C,M,L,,,,,Deep Slab,Wind Slab,,,,,,,,,,,,,,,,,,,,,
1/15/2023,Wagner,1/16/2023,Schauer,C,M,L,C,M,L,2,Wind Slab,Deep Slab,Wind Slab,Deep Slab,,,C,M,L,3,Wind Slab,Deep Slab,C,M,L,2,,,,,,,
1/16/2023,Schauer,1/17/2023,Schauer,C,M,L,C,M,L,3,Wind Slab,Deep Slab,,,,,C,C,C,3,Storm Slab,Deep Slab,C,C,M,2,"Danger was probably at high overnight. Natural in Kern hit the tracks, train got plugged into debris.",,,,,,
1/17/2023,Schauer,1/18/2023,Wagner,,,,,,,,,,,,,,,,,,,,,,,,,,,,,,
1/18/2023,Wagner,1/19/2023,Sykes,C,C,M,C,C,M,3,Persistent Slab,Deep Slab,Persistent Slab,Deep Slab,,,H,C,C,2,Persistent Slab,Deep Slab,C,C,M,2,"Going to high danger today felt kind of borderline. I'm not confident weather stations were reporting accurate snowfall totals and the strong winds overnight pushed me over the treshold. I think D2 human triggered are very likely, so that was the deciding factor. Upper end of treeline might be similar conditions to alpine, except much lower probability of avalanches stepping down to Thanksgiving crust/facet layer so max size is smaller for treeline.",,,,,,
1/19/2023,Sykes,1/20/2023,Schauer,H,C,C,H,C,C,2,Persistent Slab,Deep Slab,,,,,C,C,M,3,Persistent Slab,Deep Slab,C,C,M,4,Given sensitivity on 1/18 I think it was a good call to go High in the alpine with active weather loading what is clearly an unstable snowpack. Didn't get in the field so hard to be certain but it seems like the right forecast for the day.,,,,,,
1/20/2023,Schauer,1/21/2023,Sykes,C,C,M,C,C,M,3,Persistent Slab,Deep Slab,Persistent Slab,Deep Slab,,,C,C,M,4,Persistent Slab,Deep Slab,H,H,C,2,"Tomorrow will have very strong winds and moderate snowfall, which should make natural likely and human triggerd very likely on BSH.",,,,,,
1/21/2023,Sykes,1/22/2023,Wagner,C,C,M,C,C,M,5,Persistent Slab,Deep Slab,,,,,H,C,C,4,Persistent Slab,Deep Slab,C,C,M,,,,,,,,
1/22/2023,Wagner,1/23/2023,,H,C,C,H,C,C,,,,,,,,,,,,,,,,,,,,,,,,
1/23/2023,Schauer,1/24/2023,,,,,,,,,,,,,,,,,,,,,,,,,,,,,,,
1/24/2023,Schauer,1/25/2023,Wagner,C,C,M,C,C,M,,Persistent Slab,Deep Slab,Persistent Slab,Deep Slab,,,C,C,M,3,Persistent Slab,Deep Slab,C,M,L,3,,,,,,,
1/25/2023,Wagner,1/26/2023,Sykes,C,C,M,C,C,M,3,Persistent Slab,Deep Slab,Persistent Slab,Deep Slab,,,C,M,L,3,Persistent Slab,Deep Slab,C,M,L,3,"I think liklihood of triggering is trending toward possible, but based on travel advice I'm guessing danger will stay CONS in alpine tomorrow. Also deep persistent problem trending toward unlikely.",,,,,,
1/26/2023,Sykes,1/27/2023,Wagner,C,M,L,C,M,L,4,Persistent Slab,Deep Slab,Persistent Slab,Dry Loose,,Avy Type Fx,C,M,L,3,Persistent Slab,,M,M,L,,Sun triggered dry loose which triggered some shallow soft slabs ,,,,,,
1/27/2023,Wagner,1/28/2023,Sykes,C,M,L,C,M,L,3,Persistent Slab,Deep Slab,Persistent Slab,Deep Slab,,,C,M,L,3,Persistent Slab,Deep Slab,M,M,L,3,,,,,,,
1/28/2023,Sykes,1/29/2023,Wagner,M,M,L,M,M,L,,Persistent Slab,Deep Slab,Persistent Slab,Deep Slab,,,M,M,L,3,Persistent Slab,Deep Slab,M,M,L,3,,,,,,,
1/29/2023,Wagner,1/30/2023,Schauer,M,M,L,M,M,L,,Persistent Slab,Deep Slab,Persistent Slab,Deep Slab,,,M,M,L,3,Persistent Slab,Deep Slab,M,M,L,,,,,,,,
1/30/2023,Schauer,1/31/2023,Wagner,M,M,L,M,M,L,3,Persistent Slab,Deep Slab,Persistent Slab,Deep Slab,,,M,M,L,3,Persistent Slab,Deep Slab,M,M,L,3,,,,,,,
1/31/2023,Predeger,2/1/2023,Wagner,M,M,L,M,M,L,3,Persistent Slab,Deep Slab,Persistent Slab,Deep Slab,,,M,M,L,3,Persistent Slab,Deep Slab,M,M,L,3,,,,,,,
2/1/2023,Wagner,2/2/2023,Schauer,M,M,L,M,M,L,3,Persistent Slab,Deep Slab,Persistent Slab,Persistent Slab,,,M,M,L,3,Persistent Slab,,M,M,L,3,Headed towards low?? Need more obs,,,,,,
2/2/2023,Schauer,2/3/2023,Wagner,M,M,L,M,M,L,4,Persistent Slab,Deep Slab,Persistent Slab,Deep Slab,,,M,M,L,4,Persistent Slab,Deep Slab,M,M,L,,,,,,,,
2/3/2023,Predeger,2/4/2023,Wagner,M,M,L,M,M,L,4,Persistent Slab,Deep Slab,Persistent Slab,Deep Slab,,,M,M,L,4,Persistent Slab,Deep Slab,C,C,M,3,,,,,,,
2/4/2023,Sykes,2/5/2023,Wagner,M,M,L,M,M,L,4,Persistent Slab,Deep Slab,Persistent Slab,Deep Slab,,,H,H,H,2,Storm Slab,Persistent Slab,C,C,C,3,New snow amounts uncertain,,,,,,
2/5/2023,Wagner,2/6/2023,Schauer,H,H,H,H,H,H,2,Storm Slab,Persistent Slab,Storm Slab,Persistent Slab,,,C,C,C,3,Storm Slab,Persistent Slab,C,M,M,2,"Not much field info from 2/5 so hard to say. Water totals were light at Center ridge, but reports saying 18"" new snow with strong winds probably hit high.",,,,,,
2/6/2023,Schauer,2/7/2023,,,,,,,,,,,,,,,,,,,,,,,,,,,,,,,
2/7/2023,Sykes,2/8/2023,Wagner,C,C,M,C,C,M,4,Storm Slab,Persistent Slab,Storm Slab,Persistent Slab,,,M,M,L,4,Wind Slab,Persistent Slab,M,M,L,,Stabilizing storm snow,,,,,,
2/8/2023,Wagner,2/9/2023,,,,,,,,,,,,,,,,,,,,,,,,,,,,,,,
2/9/2023,Sykes,2/10/2023,Sykes,M,M,L,M,M,L,3,Wind Slab,Persistent Slab,Wind Slab,Persistent Slab,,,H,C,C,4,Wind Slab,Persistent Slab,C,C,M,3,,,,,,,
2/10/2023,Sykes,2/11/2023,,H,C,C,H,C,C,4,Wind Slab,Persistent Slab,Wind Slab,Persistent Slab,,,C,C,M,4,Wind Slab,Persistent Slab,C,M,L,3,,,,,,,
2/11/2023,Sykes,2/12/2023,Wagner,C,C,M,C,C,M,3,Wind Slab,Persistent Slab,Wind Slab,Persistent Slab,,,M,M,M,3,Persistent Slab,Wind Slab,C,M,M,3,Outflow winds.... ,,,,,,
2/12/2023,Wagner,2/13/2023,Schauer,M,M,M,M,M,M,2,Persistent Slab,Wind Slab,Persistent Slab,Wind Slab,,,C,M,M,2,Wind Slab,Persistent Slab,C,C,C,2,Alpine might have been pushing considerable. Hard saying without any obs from up high.,,,,,,
2/13/2023,Schauer,2/14/2023,Schauer,C,M,M,C,M,M,2,Wind Slab,Persistent Slab,Wind Slab,Wind Slab,,,C,C,C,3,Wind Slab,Persistent Slab,C,M,M,2,,,,,,,
2/14/2023,Schauer,2/15/2023,Wagner,C,C,C,C,C,C,4,Wind Slab,Persistent Slab,,,,,C,M,M,3,Wind Slab,Persistent Slab,M,M,L,3,Storm snow not that much and stabilizing,,,,,,
2/15/2023,Wagner,2/16/2023,Sykes,C,M,M,C,M,M,2,Wind Slab,Persistent Slab,Wind Slab,Persistent Slab,,,M,M,L,3,Wind Slab,Persistent Slab,C,C,M,2,"Did not get into real wind slab terrain yesterday, but it might have been closer to moderate in the alpine.",,,,,,
2/16/2023,Sykes,2/17/2023,Wagner,M,M,L,M,M,L,3,Wind Slab,Persistent Slab,,,,,C,M,M,3,Wind Slab,Persistent Slab,C,M,M,3,,,,,,,
2/17/2023,Wagner,2/18/2023,Sykes,C,M,M,C,M,M,2,Wind Slab,Persistent Slab,Wind Slab,Persistent Slab,,,C,M,M,3,Wind Slab,Persistent Slab,M,M,L,3,,,,,,,
2/18/2023,Sykes,2/19/2023,Wagner,C,M,M,C,M,M,,Wind Slab,Persistent Slab,Wind Slab,Persistent Slab,,,M,M,L,4,Wind Slab,Persistent Slab,C,M,L,3,,,,,,,
2/19/2023,Wagner,2/20/2023,Sykes,M,M,L,M,M,L,1,Wind Slab,Persistent Slab,Wind Slab,Persistent Slab,,,C,M,L,3,Wind Slab,Persistent Slab,M,M,L,3,,,,,,,
2/20/2023,Sykes,2/21/2023,Sykes,C,M,L,C,M,L,4,Wind Slab,Persistent Slab,Wind Slab,Persistent Slab,,,M,M,L,4,Wind Slab,Persistent Slab,M,M,L,3,,,,,,,
2/21/2023,Sykes,2/22/2023,Wagner,M,M,L,M,M,L,4,Wind Slab,Persistent Slab,Wind Slab,Persistent Slab,,,M,M,L,4,Wind Slab,Persistent Slab,M,M,L,4,status quo with questional buried layers... how weak are they really? ,,,,,,
2/22/2023,Wagner,2/23/2023,Schauer,M,M,L,M,M,L,1,Wind Slab,Persistent Slab,Wind Slab,Persistent Slab,,,C,C,M,3,Wind Slab,Persistent Slab,C,M,L,3,Low confidence in reassessment because I haven't been in the field,,,,,,
2/23/2023,Schauer,2/24/2023,Schauer,C,C,M,C,M,L,2,Wind Slab,Persistent Slab,Wind Slab,Persistent Slab,Precipitation Fx,,M,M,L,3,Wind Slab,Persistent Slab,C,M,L,2,"less precip than forecast, also slightly less winds. Didn't feel considerable at treeline, no info from Alpine but that may have been moderate too.",,,,,,
2/24/2023,Schauer,2/25/2023,Sykes,M,M,L,M,M,L,3,Wind Slab,Persistent Slab,Wind Slab,Persistent Slab,,,C,M,L,3,Wind Slab,Persistent Slab,C,M,L,3,Depending on winds could drop to mod tomorrow in alpine,,,,,,
2/25/2023,Sykes,2/26/2023,Wagner,C,M,L,C,M,L,4,Wind Slab,Persistent Slab,Wind Slab,Persistent Slab,,,C,M,L,4,Wind Slab,Persistent Slab,M,M,L,4,,,,,,,
2/26/2023,Wagner,2/27/2023,Schauer,C,M,L,C,M,L,4,Wind Slab,Persistent Slab,Wind Slab,Persistent Slab,,,M,M,L,3,Wind Slab,Persistent Slab,C,C,M,2,,,,,,,
2/27/2023,Schauer,2/28/2023,Wagner,M,M,L,M,M,L,4,Wind Slab,Persistent Slab,Wind Slab,Persistent Slab,,,C,M,M,3,Storm Slab,Persistent Slab,C,C,C,2,Lots of uncertainly for snow totals - also very light snow 5%?,,,,,,
2/28/2023,Wagner,3/1/2023,Wagner,C,M,M,C,C,M,2,Storm Slab,Persistent Slab,Storm Slab,Persistent Slab,Precipitation Fx,,C,C,M,3,Storm Slab,Persistent Slab,M,M,L,2,"Again, undertainly for how much snow fell - maybe it's more Mod ? NW winds uncertain too",,,,,,
3/1/2023,Wagner,3/2/2023,Schauer,C,C,M,C,C,M,,Storm Slab,Persistent Slab,Storm Slab,Persistent Slab,,,C,C,M,3,Wind Slab,Persistent Slab,C,C,M,3,,,,,,,
3/2/2023,Schauer,3/3/2023,Schauer,C,C,M,C,M,L,3,Wind Slab,Persistent Slab,Wind Slab,Persistent Slab,Wind lighter than Fx,,C,C,M,2,Wind Slab,Persistent Slab,M,M,L,3,,,,,,,
3/3/2023,Schauer,3/4/2023,Sykes,C,C,M,C,M,M,,Wind Slab,Persistent Slab,Wind Slab,Persistent Slab,Wind lighter than Fx,,C,M,L,3,Wind Slab,Persistent Slab,M,M,L,3,"Winds were light in TPass, which lead me to decrease the TL danger just due to conditions in our high use areas. Certainly along Turnagain Arm the danger may have been CONS in TL.",,,,,,
3/4/2023,,3/5/2023,Wagner,C,M,L,C,M,L,4,Wind Slab,Persistent Slab,Wind Slab,Persistent Slab,,,M,M,L,3,Wind Slab,Persistent Slab,M,M,L,,,,,,,,
3/5/2023,Wagner,3/6/2023,Schauer,M,M,L,M,M,L,4,Wind Slab,Wet Loose,Wind Slab,Wet Loose,,,M,M,L,1,Wet Loose,,M,M,L,2,Really felt like i was guessing at how the snow would react to warming. Very low fx confidence today/,,,,,,
3/6/2023,Schauer,3/7/2023,Sykes,M,M,L,M,M,L,3,Wet Loose,Persistent Slab,Wet Loose,Persistent Slab,,,M,M,L,4,Wet Loose,Persistent Slab,M,M,L,3,,,,,,,
3/7/2023,Sykes,3/8/2023,Wagner,M,M,L,M,M,L,4,Wet Loose,Persistent Slab,Wet Loose,Persistent Slab,,,M,M,L,4,Wet Loose,Persistent Slab,L,L,L,,,,,,,,
3/8/2023,Wagner,3/9/2023,Sykes,M,M,L,M,M,L,4,Wet Loose,Persistent Slab,Wet Loose,Persistent Slab,,,M,L,L,2,Wind Slab,Persistent Slab,M,L,L,2,"Uncertain on how much wind transport is possible, but gusts up to 40 mph seemed to high for low danger in alpine.",,,,,,
3/9/2023,Sykes,3/10/2023,Schauer,M,L,L,M,L,L,3,Wind Slab,Persistent Slab,,,,,L,L,L,4,None,,L,L,L,,,,,,,,
3/10/2023,Schauer,3/11/2023,Sykes,L,L,L,L,L,L,4,None,0,,,,,L,L,L,4,None,,L,L,L,4,,,,,,,
3/11/2023,Sykes,3/12/2023,Wagner,L,L,L,L,L,L,4,None,0,,,,,L,L,L,4,None,,L,L,L,4,,,,,,,
3/12/2023,Wagner,3/13/2023,Schauer,L,L,L,L,L,L,5,None,0,,,,,L,L,L,5,,,L,L,L,3,,,,,,,
3/13/2023,,3/14/2023,,L,L,L,,,,,0,0,,,,,0,0,0,,,,0,0,0,,,,,,,,
3/14/2023,Schauer,3/15/2023,Wagner,L,L,L,L,L,L,5,None,,,,,,M,M,M,3,Wind Slab,,M,L,L,3,New snow amounts uncertain - winds enough for wind slabs if even snow falls,,,,,,
3/15/2023,Wagner,3/16/2023,Sykes,M,M,M,C,M,M,4,Wind Slab,0,,,Precipitation Fx,,C,M,M,4,Storm Slab,,C,C,M,2,,,,,,,
3/16/2023,Sykes,3/17/2023,Sykes,C,M,M,C,M,M,4,Storm Slab,0,,,,,H,H,H,4,Storm Slab,,C,C,C,3,Possible SAB for saturday with breif calm period between two strong storm pulses.,,,,,,
3/17/2023,,3/18/2023,,H,H,H,H,H,H,5,Storm Slab,0,,,,,H,H,H,4,Storm Slab,Persistent Slab,H,H,H,3,Issed avalanche warning from 6a Sat to 6a Sun,,,,,,
3/18/2023,Sykes,3/19/2023,Wagner,H,H,H,H,H,H,5,Storm Slab,Persistent Slab,,,,,H,H,C,4,Storm Slab,Persistent Slab,C,C,M,3,cooling and little precip? Sun in the big ? and what it could activate,,,,,,
3/19/2023,Wagner,3/20/2023,Schauer,H,H,C,H,H,C,3,Storm Slab,Persistent Slab,Storm Slab,Persistent Slab,,,C,C,C,3,Storm Slab,Deep Slab,C,C,M,3,P2 headed towards deep slab,,,,,,
3/20/2023,Schauer,3/21/2023,Schauer,C,C,C,C,C,C,3,Storm Slab,Deep Slab,,,,,C,C,M,3,Storm Slab,Deep Slab,0,0,0,,,,,,,,
3/21/2023,Schauer,3/22/2023,Wagner,C,C,M,C,C,M,4,Wind Slab,Deep Slab,,,,,H,H,H,5,Storm Slab,Deep Slab,C,C,C,3,Unsure about when storm will finish up... ,,,,,,
3/22/2023,Wagner,3/23/2023,Sykes,H,H,H,H,H,H,5,Storm Slab,Deep Slab,,,,,H,H,C,2,Storm Slab,Persistent Slab,C,C,M,3,Was very close to making treeline elevation band considerable today. My hesitation was based on Wendy's concern about very large avalanches on south facing slopes like repeat offender. This was an intentionally conservative forecast based on uncertainty and lack in recent info plus lots of loading over the past week. ,,,,,,
3/23/2023,Sykes,3/24/2023,Wagner,H,H,C,H,H,C,3,Storm Slab,Persistent Slab,,,,,C,C,M,3,Wind Slab,Deep Slab,C,C,M,3,Daytime warming/sun more than fx which triggered wet loose and some slabs,,,,,,
3/24/2023,Wagner,3/25/2023,Sykes,C,C,M,C,C,M,4,Wind Slab,Deep Slab,,,,,C,C,M,4,Wind Slab,Deep Slab,C,C,M,3,Will sunshine trigger natural slabs today?,,,,,,
3/25/2023,Sykes,3/26/2023,,C,C,M,,,,,Wind Slab,Deep Slab,,,,,0,0,0,,,,0,0,0,,,,,,,,
3/26/2023,Wagner,3/27/2023,Schauer,C,C,C,C,C,C,,Deep Slab,Wet Loose,Deep Slab,None,,Conditions more stable than anticipated,C,C,C,3,Deep Slab,Wet Loose,C,C,C,2,"Not quite sure about BTL, but seems like a good idea to stick with CON because of long runouts",,,,,,
3/27/2023,Schauer,3/28/2023,,C,C,C,C,C,C,,Deep Slab,Wet Loose,,,,,C,C,M,3,Deep Slab,,C,C,M,3,,,,,,,
3/28/2023,0,3/29/2023,,C,C,M,,,,,Deep Slab,0,,,,,0,0,0,,,,0,0,0,,,,,,,,
3/29/2023,0,3/30/2023,,0,0,0,,,,,0,0,,,,,0,0,0,,,,0,0,0,,,,,,,,
3/30/2023,Sykes,3/31/2023,Schauer,C,C,M,C,C,M,,Deep Slab,Wind Slab,Deep Slab,Wind Slab,,,C,C,M,4,Deep Slab,,C,C,M,4,Going to be hard to drop to moderate with this setup,,,,,,
3/31/2023,Schauer,4/1/2023,Sykes,C,C,M,C,C,M,,Deep Slab,0,,,,,C,C,M,5,Deep Slab,Wind Slab,C,C,M,3,Will sun and warm temps reactivate deep slab?,,,,,,
4/1/2023,Sykes,4/2/2023,,C,C,M,,,,,Deep Slab,Wind Slab,,,,,0,0,0,,,,0,0,0,,,,,,,,
4/2/2023,Schauer,4/3/2023,,0,0,0,,,,,0,0,,,,,0,0,0,,,,0,0,0,,,,,,,,
4/3/2023,Schauer,4/4/2023,Wagner,C,M,M,C,M,M,3,Wind Slab,Deep Slab,,,,,C,M,M,3,Wind Slab,Deep Slab,C,M,M,3,"Wind didn't do too much, any warming issues in low elevations? ",,,,,,
4/4/2023,Wagner,4/5/2023,Wagner,C,M,M,M,M,M,3,Wind Slab,Deep Slab,,,,,M,M,M,3,Wet Loose,Deep Slab,M,M,L,3,cursts didn't really soften too much to cause issues,,,,,,
4/5/2023,Wagner,4/6/2023,Sykes,M,M,M,M,M,L,3,Wet Loose,Deep Slab,Deep Slab,,Sky Fx,,M,M,L,4,Wet Loose,Deep Slab,M,M,L,2,Wet loose did not really develop due to cloud cover yesterday. Springtim MF crust at lower elevations feels more like low danger.,,,,,,
4/6/2023,Sykes,4/7/2023,,M,M,L,,,,,,,,,,,,,,,,,,,,,,,,,,,
4/7/2023,Schauer,4/8/2023,Sykes,M,M,L,M,M,L,4,Deep Slab,,Deep Slab,,,,M,M,L,3,Deep Slab,Wind Slab,C,C,M,3,,,,,,,
4/8/2023,Sykes,4/9/2023,Wagner,M,M,L,M,M,L,3,Deep Slab,,,,,,C,M,M,3,Storm Slab,Deep Slab,C,C,C,3,Unsure snow amounts.... ,,,,,,
4/9/2023,Wagner,4/10/2023,,C,M,M,,,,,,,,,,,,,,,,,,,,,,,,,,,
4/10/2023,Schauer,4/11/2023,,C,C,C,,,,,,,,,,,,,,,,,,,,,,,,,,,
4/11/2023,Schauer,4/12/2023,Wagner,C,C,C,C,C,C,3,Storm Slab,Persistent Slab,,,,,C,M,M,3,Storm Slab,,M,M,M,3,Sun and afternoon heating is the quesion... ,,,,,,
4/12/2023,Wagner,4/13/2023,,,,,,,,,,,,,,,,,,,,,,,,,,,,,,,
4/13/2023,Schauer,4/14/2023,Sykes,M,M,M,M,M,L,4,Storm Slab,Deep Slab,Storm Slab,Deep Slab,,,C,M,L,2,Wind Slab,Deep Slab,M,M,L,2,"A little bit of snow and wind bumped up danger in alpine today, but moderate in apline would have probably been more accurate for most of the Fx zone",,,,,,
4/14/2023,,4/15/2023,,,,,,,,,,,,,,,,,,,,,,,,,,,,,,,
4/15/2023,,4/16/2023,,,,,,,,,,,,,,,,,,,,,,,,,,,,,,,
4/16/2023,,4/17/2023,,,,,,,,,,,,,,,,,,,,,,,,,,,,,,,
4/17/2023,,4/18/2023,,,,,,,,,,,,,,,,,,,,,,,,,,,,,,,
4/18/2023,,4/19/2023,,,,,,,,,,,,,,,,,,,,,,,,,,,,,,,
4/19/2023,,4/20/2023,,,,,,,,,,,,,,,,,,,,,,,,,,,,,,,
4/20/2023,,4/21/2023,,,,,,,,,,,,,,,,,,,,,,,,,,,,,,,
4/21/2023,,4/22/2023,,,,,,,,,,,,,,,,,,,,,,,,,,,,,,,
4/22/2023,,4/23/2023,,,,,,,,,,,,,,,,,,,,,,,,,,,,,,,
4/23/2023,,4/24/2023,,,,,,,,,,,,,,,,,,,,,,,,,,,,,,,
4/24/2023,,4/25/2023,,,,,,,,,,,,,,,,,,,,,,,,,,,,,,,
4/25/2023,,4/26/2023,,,,,,,,,,,,,,,,,,,,,,,,,,,,,,,
4/26/2023,,4/27/2023,,,,,,,,,,,,,,,,,,,,,,,,,,,,,,,
4/27/2023,,4/28/2023,,,,,,,,,,,,,,,,,,,,,,,,,,,,,,,
4/28/2023,,4/29/2023,,,,,,,,,,,,,,,,,,,,,,,,,,,,,,,
4/29/2023,,4/30/2023,,,,,,,,,,,,,,,,,,,,,,,,,,,,,,,
4/30/2023,,5/1/2023,,,,,,,,,,,,,,,,,,,,,,,,,,,,,,,
11/1/2023,,11/2/2023,,,,,,,,,,,,,,,,,,,,,,,,,,,,,,,
11/2/2023,,11/3/2023,,,,,,,,,,,,,,,,,,,,,,,,,,,,,,,
11/3/2023,,11/4/2023,,,,,,,,,,,,,,,,,,,,,,,,,,,,,,,
11/4/2023,,11/5/2023,,,,,,,,,,,,,,,,,,,,,,,,,,,,,,,
11/5/2023,,11/6/2023,,,,,,,,,,,,,,,,,,,,,,,,,,,,,,,
11/6/2023,,11/7/2023,,,,,,,,,,,,,,,,,,,,,,,,,,,,,,,
11/7/2023,,11/8/2023,,,,,,,,,,,,,,,,,,,,,,,,,,,,,,,
11/8/2023,,11/9/2023,,,,,,,,,,,,,,,,,,,,,,,,,,,,,,,
11/9/2023,,11/10/2023,,,,,,,,,,,,,,,,,,,,,,,,,,,,,,,
11/10/2023,,11/11/2023,,,,,,,,,,,,,,,,,,,,,,,,,,,,,,,
11/11/2023,,11/12/2023,,,,,,,,,,,,,,,,,,,,,,,,,,,,,,,
11/12/2023,,11/13/2023,,,,,,,,,,,,,,,,,,,,,,,,,,,,,,,
11/13/2023,,11/14/2023,,,,,,,,,,,,,,,,,,,,,,,,,,,,,,,
11/14/2023,,11/15/2023,,,,,,,,,,,,,,,,,,,,,,,,,,,,,,,
11/15/2023,,11/16/2023,,,,,,,,,,,,,,,,,,,,,,,,,,,,,,,
11/16/2023,,11/17/2023,,,,,,,,,,,,,,,,,,,,,,,,,,,,,,,
11/17/2023,,11/18/2023,,,,,,,,,,,,,,,,,,,,,,,,,,,,,,,
11/18/2023,,11/19/2023,,,,,,,,,,,,,,,,,,,,,,,,,,,,,,,
11/19/2023,,11/20/2023,,,,,,,,,,,,,,,,,,,,,,,,,,,,,,,
11/20/2023,,11/21/2023,,,,,,,,,,,,,,,,,,,,,,,,,,,,,,,
11/21/2023,,11/22/2023,,,,,,,,,,,,,,,,,,,,,,,,,,,,,,,
11/22/2023,,11/23/2023,,,,,,,,,,,,,,,,,,,,,,,,,,,,,,,
11/23/2023,,11/24/2023,,,,,,,,,,,,,,,,,,,,,,,,,,,,,,,
11/24/2023,Wagner,11/25/2023,Schauer,C,C,C,C,C,C,3,Wet Loose,Wind Slab,Wet Loose,Wind Slab,,,C,C,C,2,Wet Loose,Wind Slab,C,C,M,2,Hard saying how the snowpack will react to continued light rain,,,,,,
11/25/2023,Schauer,11/26/2023,Sykes,C,C,C,C,M,M,4,Wet Loose,Wind Slab,Wet Loose,Wind Slab,Conditions more stable than anticipated,,C,M,M,3,Wet Loose,Wind Slab,C,M,M,3,Continuing wet and warm stormy weather pattern,,,,,,
11/26/2023,Sykes,11/27/2023,Sykes,C,M,M,C,M,M,4,Wet Loose,Wind Slab,Wet Loose,Wind Slab,,,C,M,M,4,Wind Slab,Wet Loose,C,M,M,3,"Not sure about timing of incoming storm. Could be mod, mod, mod during the day on Tuesday",,,,,,
11/27/2023,Sykes,11/28/2023,Schauer,C,M,M,C,M,M,4,Wind Slab,Wet Loose,Wind Slab,Wet Loose,,,C,C,M,3,Wind Slab,,H,H,H,2,,,,,,,
11/28/2023,Schauer,11/29/2023,Schauer,C,C,M,C,C,M,4,Wind Slab,,Wind Slab,,,,H,H,H,4,Storm Slab,,H,C,C,2,,,,,,,
11/29/2023,,11/30/2023,,,,,,,,,,,,,,,,,,,,,,,,,,,,,,,
11/30/2023,,12/1/2023,,,,,,,,,,,,,,,,,,,,,,,,,,,,,,,
12/1/2023,,12/2/2023,,,,,,,,,,,,,,,,,,,,,,,,,,,,,,,
12/2/2023,Sykes,12/3/2023,Schauer,M,M,L,M,M,L,3,Wind Slab,,Wind Slab,,,,M,L,L,4,Wind Slab,,M,M,L,3,,,,,,,
12/3/2023,Schauer,12/4/2023,Schauer,M,L,L,M,L,L,4,Wind Slab,,Wind Slab,,,,M,M,L,2,Wind Slab,,M,M,L,3,,,,,,,
12/4/2023,,12/5/2023,,,,,,,,,,,,,,,,,,,,,,,,,,,,,,,
12/5/2023,,12/6/2023,,,,,,,,,,,,,,,,,,,,,,,,,,,,,,,
12/6/2023,,12/7/2023,,,,,,,,,,,,,,,,,,,,,,,,,,,,,,,
12/7/2023,Wagner,12/8/2023,Schauer,M,M,L,M,M,L,3,Wind Slab,,Wind Slab,,,,M,M,L,,,,M,M,L,3,,,,,,,
12/8/2023,,12/9/2023,,,,,,,,,,,,,,,,,,,,,,,,,,,,,,,
12/9/2023,Wagner,12/10/2023,Schauer,C,M,L,C,M,L,4,Wind Slab,,Wind Slab,,,,C,C,C,4,Wind Slab,,H,H,H,4,,,,,,,
12/10/2023,Schauer,12/11/2023,Schauer,C,C,C,C,C,C,2,Wind Slab,Persistent Slab,Wind Slab,Persistent Slab,,,H,H,H,4,Storm Slab,Persistent Slab,C,C,C,3,,,,,,,
12/11/2023,Schauer,12/12/2023,Schauer,H,H,H,H,H,H,4,Storm Slab,Persistent Slab,Storm Slab,Persistent Slab,,,C,C,M,,Wind Slab,Persistent Slab,C,M,M,,,,,,,,
12/12/2023,,12/13/2023,,,,,,,,,,,,,,,,,,,,,,,,,,,,,,,
12/13/2023,,12/14/2023,,,,,,,,,,,,,,,,,,,,,,,,,,,,,,,
12/14/2023,Wagner,12/15/2023,Sykes,C,C,M,C,C,M,3,Wind Slab,Persistent Slab,Wind Slab,Persistent Slab,,,C,M,M,3,Wind Slab,Persistent Slab,C,C,M,3,,,,,,,
12/15/2023,Sykes,12/16/2023,Sykes,C,M,M,C,C,M,3,Wind Slab,Persistent Slab,Wind Slab,Persistent Slab,Old Structure,,C,C,C,3,Wind Slab,Persistent Slab,C,C,M,,,,,,,,
12/16/2023,Sykes,12/17/2023,Schauer,C,C,C,C,C,C,3,Wind Slab,Persistent Slab,Wind Slab,Persistent Slab,,,C,C,C,3,Storm Slab,Persistent Slab,C,M,M,2,,,,,,,
12/17/2023,Schauer,12/18/2023,Schauer,C,C,C,C,C,C,3,Storm Slab,Persistent Slab,Storm Slab,Persistent Slab,,,M,M,M,,Persistent Slab,Persistent Slab,C,M,M,2,,,,,,,
12/18/2023,,12/19/2023,,,,,,,,,,,,,,,,,,,,,,,,,,,,,,,
12/19/2023,Schauer,12/20/2023,Wagner,C,C,M,C,C,M,4,Wind Slab,Persistent Slab,Wind Slab,Persistent Slab,,,M,M,M,3,Storm Slab,Persistent Slab,M,M,M,,,,,,,,
12/20/2023,Wagner,12/21/2023,Wagner,M,M,M,C,M,M,3,Storm Slab,Persistent Slab,Storm Slab,Persistent Slab,Recent Snowfall,,M,M,M,4,Wind Slab,Persistent Slab,M,M,M,,,,,,,,
12/21/2023,Wagner,12/22/2023,Sykes,M,M,M,M,M,M,4,Dry Loose,Persistent Slab,Dry Loose,Persistent Slab,,,C,M,M,3,Wind Slab,Persistent Slab,H,H,H,4,,,,,,,
12/22/2023,,12/23/2023,,,,,,,,,,,,,,,,,,,,,,,,,,,,,,,
12/23/2023,Sykes,12/24/2023,Schauer,H,H,H,H,H,H,4,Storm Slab,Persistent Slab,Storm Slab,Persistent Slab,,,H,H,H,4,Storm Slab,Deep Slab,C,C,M,2,,,,,,,
12/24/2023,Schauer,12/25/2023,Schauer,H,H,H,H,H,H,4,Storm Slab,Deep Slab,Storm Slab,Deep Slab,,,C,C,C,1,Storm Slab,Deep Slab,C,M,M,3,,,,,,,
12/25/2023,Schauer,12/26/2023,Wagner,C,C,C,C,C,C,3,Storm Slab,Deep Slab,Storm Slab,Deep Slab,,,C,M,M,3,Storm Slab,Glide,M,M,L,,,,,,,,
12/26/2023,Wagner,12/27/2023,Wagner,C,M,M,M,M,L,3,Storm Slab,Glide,Storm Slab,Glide,Conditions more stable than anticipated,,M,M,L,4,Wind Slab,Glide,M,M,L,,,,,,,,
12/27/2023,Wagner,12/28/2023,Wagner,M,M,L,M,M,L,4,Wind Slab,Glide,Wind Slab,Glide,,,M,M,L,4,Wind Slab,Glide,M,M,L,,,,,,,,
12/28/2023,Wagner,12/29/2023,Sykes,M,M,L,M,M,L,4,Wind Slab,Glide,Wind Slab,Glide,,,M,M,L,2,Wind Slab,,M,M,L,2,"Want to discuss w forecast team whether keeping at mod due to glides is okay. Glide activity seems especially widespread and active right now, so low danger seems like a misnomer when very large avalnaches are spontaneously releasing.",,,,,,
12/29/2023,,12/30/2023,,,,,,,,,,,,,,,,,,,,,,,,,,,,,,,
12/30/2023,Sykes,12/31/2023,Schauer,M,M,L,M,M,L,4,Glide,Wind Slab,Glide,Wind Slab,,,C,M,M,4,Wind Slab,Glide,C,M,M,3,,,,,,,
12/31/2023,Schauer,1/1/2024,Schauer,C,M,M,C,M,M,3,Wind Slab,Glide,Wind Slab,Glide,,,M,M,L,3,Wind Slab,Glide,C,M,L,3,,,,,,,
1/1/2024,Schauer,1/2/2024,Schauer,M,M,L,M,M,L,3,Wind Slab,Glide,Wind Slab,Glide,,,C,C,M,3,Wind Slab,Glide,H,H,H,4,"2-3"" thin skier tr. wind slabs on Tincan",,,,,,
1/2/2024,Dalpes,1/3/2024,Wagner,C,C,M,C,C,M,4,Wind Slab,Glide,Wind Slab,Glide,,,H,H,H,4,Storm Slab,Glide,C,C,C,4,,,,,,,
1/3/2024,Wagner,1/4/2024,Wagner,H,H,H,H,H,H,5,Storm Slab,Glide,Storm Slab,Glide,,,C,C,M,3,Storm Slab,Glide,C,C,M,3,,,,,,,
1/4/2024,Wagner,1/5/2024,,C,C,M,,,,,,,,,,,,,,,,,,,,,,,,,,,
1/5/2024,,1/6/2024,,,,,,,,,,,,,,,,,,,,,,,,,,,,,,,
1/6/2024,Sykes,1/7/2024,Schauer,C,C,M,M,M,L,3,Wind Slab,Glide,Wind Slab,Glide,Wind lighter than Fx,,H,H,H,,,,C,C,M,3,Winds didn't pick up until sunset,,,,,,
1/7/2024,Schauer,1/8/2024,Schauer,H,H,H,H,H,H,4,Storm Slab,Glide,Storm Slab,Glide,,,C,C,M,4,Storm Slab,Glide,C,M,L,3,,,,,,,
1/8/2024,Schauer,1/9/2024,Wagner,C,C,M,C,C,M,4,Storm Slab,Glide,,,,,C,C,M,4,Storm Slab,Glide,M,M,M,3,,,,,,,
1/9/2024,Wagner,1/10/2024,Schauer,C,C,M,C,C,M,4,Storm Slab,Glide,Storm Slab,Glide,,,C,C,M,2,Persistent Slab,Wind Slab,C,C,M,2,"3 problems today with persistent, wind, and glide. High uncertainty with persistent.",,,,,,
1/10/2024,Krueger,1/11/2024,Wagner,C,C,M,C,C,M,3,Persistent Slab,Wind Slab,,,,,C,M,M,3,Wind Slab,Persistent Slab,C,C,M,,,,,,,,
1/11/2024,Wagner,1/12/2024,Sykes,C,M,M,C,C,M,4,Wind Slab,Persistent Slab,Wind Slab,Persistent Slab,Wind stronger than Fx,,C,C,M,4,Wind Slab,Persistent Slab,C,M,M,3,,,,,,,
1/12/2024,,1/13/2024,,,,,,,,,,,,,,,,,,,,,,,,,,,,,,,
1/13/2024,Sykes,1/14/2024,Schauer,C,M,M,M,M,L,4,Glide,Wind Slab,Glide,Wind Slab,Wind lighter than Fx,,M,M,L,4,Glide,Wind Slab,M,M,L,3,,,,,,,
1/14/2024,Schauer,1/15/2024,Schauer,M,M,L,M,M,L,4,,,,,,,M,M,L,3,Glide,Wind Slab,C,M,L,3,,,,,,,
1/15/2024,,1/16/2024,,,,,,,,,,,,,,,,,,,,,,,,,,,,,,,
1/16/2024,Sykes,1/17/2024,Wagner,C,M,L,M,M,L,3,Wind Slab,Glide,,,Wind lighter than Fx,,C,M,L,3,Wind Slab,Glide,M,M,L,,,,,,,,
1/17/2024,Dalpes,1/18/2024,Wagner,C,M,L,C,M,L,,Wind Slab,Glide,,,,,M,M,L,3,Wind Slab,Glide,M,M,L,,,,,,,,
1/18/2024,Wagner,1/19/2024,,M,M,L,,,,,,,,,,,,,,,,,,,,,,,,,,,
1/19/2024,,1/20/2024,,,,,,,,,,,,,,,,,,,,,,,,,,,,,,,
1/20/2024,Sykes,1/21/2024,Schauer,M,M,L,M,M,L,4,Glide,,Glide,,,,M,M,L,4,Glide,,M,M,L,4,,,,,,,
1/21/2024,Schauer,1/22/2024,Schauer,M,M,L,M,M,L,4,Glide,,Glide,,,,M,M,L,4,Glide,,M,M,L,4,,,,,,,
1/22/2024,Schauer,1/23/2024,Wagner,M,M,L,M,M,L,4,Glide,,Glide,,,,M,M,L,4,Glide,,M,M,L,4,,,,,,,
1/23/2024,Wagner,1/24/2024,Wagner,M,M,L,M,M,L,5,Glide,,Glide,,,,M,M,L,5,Glide,,M,M,L,5,,,,,,,
1/24/2024,Wagner,1/25/2024,Wagner,M,M,L,M,M,L,5,Glide,,Glide,,,,M,M,L,5,Glide,,M,M,L,5,,,,,,,
1/25/2024,Wagner,1/26/2024,Sykes,M,M,L,M,M,L,5,Glide,,Glide,,,,M,M,L,5,Glide,,M,M,L,4,,,,,,,
1/26/2024,Sykes,1/27/2024,Sykes,M,M,L,M,M,L,5,Glide,,Glide,,,,M,M,L,5,Glide,,M,M,L,4,,,,,,,
1/27/2024,Sykes,1/28/2024,Schauer,M,M,L,M,M,L,5,Glide,,Glide,,,,M,M,L,5,Glide,,C,C,C,3,,,,,,,
1/28/2024,Schauer,1/29/2024,Schauer,M,M,L,M,M,L,5,Glide,,Glide,,,,C,C,C,3,Storm Slab,Glide,C,M,M,3,,,,,,,
1/29/2024,Schauer,1/30/2024,Wagner,C,C,C,C,C,C,3,Storm Slab,Glide,,,,,C,M,M,3,Wind Slab,Glide,M,M,M,3,,,,,,,
1/30/2024,Wagner,1/31/2024,Sykes,C,M,M,C,M,M,3,Wind Slab,Glide,Wind Slab,Glide,,,M,M,M,3,Wind Slab,Glide,C,M,M,3,Looks like winds are going to pick back up tomorrow,,,,,,
1/31/2024,Krueger,2/1/2024,Wagner,M,M,M,M,M,M,4,Wind Slab,Glide,,,,,C,M,M,3,Wind Slab,Glide,M,M,M,3,,,,,,,
2/1/2024,Wagner,2/2/2024,Sykes,C,M,M,C,M,M,5,Wind Slab,Glide,Wind Slab,Glide,,,M,M,M,3,Wind Slab,Glide,M,M,M,3,,,,,,,
2/2/2024,Sykes,2/3/2024,Sykes,M,M,M,M,M,M,4,Wind Slab,Glide,Wind Slab,Glide,,,M,M,L,4,Wind Slab,Glide,C,M,M,3,,,,,,,
2/3/2024,Sykes,2/4/2024,Schauer,M,M,L,M,M,L,,Wind Slab,Glide,Wind Slab,Glide,,,C,M,M,,,,C,M,M,3,,,,,,,
2/4/2024,Schauer,2/5/2024,Schauer,C,M,M,C,M,M,,Wind Slab,Glide,Wind Slab,Glide,,,C,C,M,,,,C,M,M,2,,,,,,,
2/5/2024,Schauer,2/6/2024,Wagner,C,C,M,C,C,M,,Wind Slab,Persistent Slab,,,,,M,M,M,3,Wind Slab,Persistent Slab,C,M,M,,,,,,,,
2/6/2024,Wagner,2/7/2024,Schauer,M,M,M,M,M,M,3,Wind Slab,Persistent Slab,Wind Slab,Persistent Slab,,,C,M,M,3,Wind Slab,Persistent Slab,C,M,M,,,,,,,,
2/7/2024,Dalpes,2/8/2024,Wagner,C,M,M,C,M,M,3,Wind Slab,Persistent Slab,,,,,C,C,M,3,Wind Slab,Persistent Slab,H,H,H,3,,,,,,,
2/8/2024,Wagner,2/9/2024,Sykes,C,C,M,C,M,M,3,Wind Slab,Persistent Slab,Wind Slab,Persistent Slab,Avy Sensitivity Fx,,H,H,H,4,Persistent Slab,Storm Slab,H,H,H,1,Not confident in outlook danger ratings,,,,,,
2/9/2024,Sykes,2/10/2024,Sykes,H,H,H,H,H,H,5,Persistent Slab,Storm Slab,Persistent Slab,Storm Slab,,,H,H,C,3,Persistent Slab,Storm Slab,C,C,M,3,Lots of uncertainty about lower elevation slopes (<1000') that got wet snow and rain yesterday.,,,,,,
2/10/2024,Sykes,2/11/2024,Schauer,H,H,C,H,H,C,,Persistent Slab,Wind Slab,Persistent Slab,Wind Slab,,,C,C,M,,,,C,C,M,3,,,,,,,
2/11/2024,Schauer,2/12/2024,Schauer,C,C,M,C,C,M,3,Persistent Slab,Wind Slab,Persistent Slab,Wind Slab,,,C,C,M,3,Wind Slab,Persistent Slab,C,C,M,2,,,,,,,
2/12/2024,Schauer,2/13/2024,Wagner,C,C,M,C,C,M,4,Wind Slab,Persistent Slab,,,,,H,H,C,3,Wind Slab,Persistent Slab,C,C,C,,,,,,,,
2/13/2024,Wagner,2/14/2024,Wagner,C,C,C,C,C,C,4,Wind Slab,Persistent Slab,,,,,C,C,C,3,Wind Slab,Persistent Slab,C,C,M,,,,,,,,
2/14/2024,Krueger,2/15/2024,Schauer,C,C,C,C,C,C,3,Wind Slab,Persistent Slab,Wind Slab,Persistent Slab,,,C,C,C,2,Wind Slab,Persistent Slab,C,C,M,2,,,,,,,
2/15/2024,Schauer,2/16/2024,Sykes,C,C,C,C,C,M,4,Wind Slab,Persistent Slab,Wind Slab,Persistent Slab,Avy Distribution Fx,,C,C,M,4,Wind Slab,Persistent Slab,C,C,M,4,,,,,,,
2/16/2024,Sykes,2/17/2024,Sykes,C,C,M,C,C,M,3,Wind Slab,Persistent Slab,Wind Slab,Persistent Slab,,,C,C,M,4,Wind Slab,Persistent Slab,M,M,M,2,,,,,,,
2/17/2024,Sykes,2/18/2024,Schauer,C,C,M,C,C,M,,Wind Slab,Persistent Slab,Wind Slab,Persistent Slab,,,C,C,M,3,Wind Slab,Persistent Slab,C,C,M,2,,,,,,,
2/18/2024,Schauer,2/19/2024,Schauer,C,M,M,M,M,M,3,Wind Slab,Persistent Slab,Persistent Slab,Wind Slab,Wind lighter than Fx,,C,M,M,3,Wind Slab,Persistent Slab,C,C,C,2,Struggling with BTL elevation danger rating. Low?,,,,,,
2/19/2024,Schauer,2/20/2024,,C,M,M,,,,,,,,,,,,,,,,,,,,,,,,,,,
2/20/2024,,2/21/2024,,,,,,,,,,,,,,,,,,,,,,,,,,,,,,,
2/21/2024,,2/22/2024,,,,,,,,,,,,,,,,,,,,,,,,,,,,,,,
2/22/2024,Wagner,2/23/2024,Sykes,C,C,M,C,C,M,4,Wind Slab,Persistent Slab,Storm Slab,Persistent Slab,Recent Snowfall,,M,M,L,4,Wind Slab,Persistent Slab,M,M,L,2,,,,,,,
2/23/2024,Sykes,2/24/2024,Sykes,M,M,L,M,M,L,3,Wind Slab,Persistent Slab,Wind Slab,Persistent Slab,,,C,M,M,3,Wind Slab,Persistent Slab,M,M,L,3,,,,,,,
2/24/2024,,2/25/2024,,,,,,,,,,,,,,,,,,,,,,,,,,,,,,,
2/25/2024,Schauer,2/26/2024,Wagner,C,M,L,C,M,L,3,Wind Slab,Persistent Slab,,,,,C,C,M,4,Wind Slab,Persistent Slab,C,C,C,,storm supposed to put 1-1.5 qpf overnight tonight,,,,,,
2/26/2024,Wagner,2/27/2024,Wagner,C,C,M,C,C,M,4,Wind Slab,Persistent Slab,,,,,C,M,L,4,Wind Slab,Persistent Slab,C,M,L,,"storm did not produce, 4-8"" or so is all",,,,,,
2/27/2024,Wagner,2/28/2024,Sykes,C,M,L,,,,4,Wind Slab,Persistent Slab,,,,,,,,,,,,,,,,,,,,,
2/28/2024,Krueger,2/29/2024,Wagner,M,M,L,M,M,L,5,Wind Slab,Persistent Slab,,,,,M,M,L,4,Wind Slab,,M,L,L,4,,,,,,,
2/29/2024,Wagner,3/1/2024,Sykes,M,M,L,M,M,L,4,Wind Slab,,,,,,M,L,L,4,Wind Slab,,M,L,L,2,,,,,,,
3/1/2024,Sykes,3/2/2024,Sykes,M,M,L,M,M,L,,Wind Slab,,,,,,M,L,L,4,Wind Slab,,M,L,L,2,Maybe going to Low at all elevations?,,,,,,
3/2/2024,Sykes,3/3/2024,Schauer,M,L,L,M,L,L,4,Wind Slab,,Wind Slab,,,,L,L,L,4,,,M,L,L,2,Not sure if there will be enough weather tomorrow to bring alpine back to MOD,,,,,,
3/3/2024,Schauer,3/4/2024,,L,L,L,,,,,,,,,,,,,,,,,,,,,,,,,,,
3/4/2024,Wagner,3/5/2024,Schauer,M,L,L,M,L,L,3,Wind Slab,,Wind Slab,,,,M,M,L,3,Wind Slab,,M,M,L,3,Didn't think avalanches would be big enough to go CON in alpine,,,,,,
3/5/2024,Schauer,3/6/2024,Sykes,M,M,L,M,L,L,3,Wind Slab,,Wind Slab,,Wind lighter than Fx,,C,M,M,4,Storm Slab,,M,M,L,2,"Wind and snow did not pick up during the day, at least in during our field day in Girdwood - mostly happened overnight",,,,,,
3/6/2024,Sykes,3/7/2024,Sykes,C,M,M,C,M,M,4,Storm Slab,,,,,,M,M,M,3,Storm Slab,,M,M,L,3,"Maybe could have been CON at treeline. Fair bit of new snow avalanche activity, but all reported in the alpine that I know of",,,,,,
3/7/2024,Sykes,3/8/2024,Wagner,M,M,M,M,M,M,,Storm Slab,Wet Loose,,,,,M,M,M,4,Storm Slab,,M,M,M,3,,,,,,,
3/8/2024,Wagner,3/9/2024,Sykes,M,M,M,M,M,M,4,Storm Slab,,,Wet Loose,Sky Fx,,M,M,M,4,Persistent Slab,Wet Loose,C,M,M,2,Outlook fx very uncertian due to snowfall totals changing a lot in weather model runs,,,,,,
3/9/2024,Sykes,3/10/2024,Schauer,M,M,M,M,M,L,3,Persistent Slab,Wet Loose,Persistent Slab,,Temp Fx,,M,M,M,3,Wind Slab,None,C,M,M,3,Surface crust up to 1800' on all but most northerly aspects,,,,,,
3/10/2024,Schauer,3/11/2024,Schauer,M,M,M,M,L,L,3,Wind Slab,,Wind Slab,,Wind lighter than Fx,,C,M,M,3,Wind Slab,None,C,C,C,3,,,,,,,
3/11/2024,Schauer,3/12/2024,Sykes,C,M,M,C,M,M,3,Wind Slab,,Wind Slab,,,,H,H,H,4,Storm Slab,,,,,,,,,,,,
3/12/2024,Dalpes,3/13/2024,Schauer,H,H,H,H,H,H,,,,,,,,,,,,,,,,,,,,,,,,
3/13/2024,Krueger,3/14/2024,Wagner,H,C,C,H,H,H,4,Storm Slab,Persistent Slab,,,,,C,C,C,5,Storm Slab,Wet Loose,C,C,C,3,"Kept snowing in Placer/Turnagain another foot, felt like high all elevations for 3/13",,,,,,
3/14/2024,Wagner,3/15/2024,,C,C,C,C,C,C,5,Storm Slab,Wet Loose,,,,,,,,,,,,,,,,,,,,,
3/15/2024,Sykes,3/16/2024,,C,C,M,C,C,M,,Storm Slab,Wet Loose,,,,,,,,,,,,,,,,,,,,,
3/16/2024,Sykes,3/17/2024,Schauer,C,C,M,C,C,M,4,Wind Slab,Persistent Slab,Wind Slab,Persistent Slab,,,C,C,M,3,Wind Slab,Persistent Slab,M,M,M,3,,,,,,,
3/17/2024,Schauer,3/18/2024,Schauer,C,C,M,C,M,M,2,Wind Slab,Persistent Slab,Wind Slab,Persistent Slab,,,M,M,M,,Persistent Slab,Wind Slab,C,C,C,2,,,,,,,
3/18/2024,Schauer,3/19/2024,,M,M,M,,,,,,,,,,,,,,,,,,,,,,,,,,,
3/19/2024,Sykes,3/20/2024,,,,,,,,,,,,,,,,,,,,,,,,,,,,,,,
3/20/2024,Wagner,3/21/2024,,,,,,,,,,,,,,,,,,,,,,,,,,,,,,,
3/21/2024,Wagner,3/22/2024,,,,,,,,,,,,,,,,,,,,,,,,,,,,,,,
3/22/2024,Sykes,3/23/2024,Schauer,M,M,M,M,M,L,,Wind Slab,Persistent Slab,Wind Slab,Persistent Slab,,,M,M,L,3,Wind Slab,Persistent Slab,C,M,M,2,,,,,,,
3/23/2024,Schauer,3/24/2024,Schauer,M,M,L,M,M,L,,Wind Slab,Persistent Slab,Wind Slab,Persistent Slab,,,M,M,M,3,Wind Slab,Persistent Slab,M,M,M,2,,,,,,,
3/24/2024,Schauer,3/25/2024,,,,,,,,,,,,,,,,,,,,,,,,,,,,,,,
3/25/2024,,3/26/2024,,,,,,,,,,,,,,,,,,,,,,,,,,,,,,,
3/26/2024,,3/27/2024,,,,,,,,,,,,,,,,,,,,,,,,,,,,,,,
3/27/2024,,3/28/2024,,,,,,,,,,,,,,,,,,,,,,,,,,,,,,,
3/28/2024,Schauer,3/29/2024,Sykes,M,M,M,M,M,M,4,Wet Loose,,,,,,C,M,M,3,Wind Slab,Wet Loose,C,C,M,2,,,,,,,
3/29/2024,Sykes,3/30/2024,Sykes,C,M,M,C,M,M,2,Wind Slab,Wet Loose,Wind Slab,Wet Loose,,,H,C,C,3,Storm Slab,Wet Loose,C,C,M,3,,,,,,,
3/30/2024,Sykes,3/31/2024,Schauer,H,C,C,C,C,C,2,Storm Slab,Wet Loose,Storm Slab,Wet Loose,Precipitation Fx,,C,C,M,3,,,,,,,Tough fx for 3/30. Wildy different precip totals from Girdwood/Placer to Turnagain. Seems like the only places seeing traffic did not get enough snow to go to high.,,,,,,
3/31/2024,Schauer,4/1/2024,Schauer,C,C,M,C,C,M,3,Wind Slab,Wet Loose,Wind Slab,Wet Loose,,,C,C,M,3,,,M,M,L,2,,,,,,,
4/1/2024,,4/2/2024,,,,,,,,,,,,,,,,,,,,,,,,,,,,,,,
4/2/2024,Wagner,4/3/2024,Schauer,C,C,M,C,C,M,,,,,,,,C,C,M,3,Storm Slab,,C,C,M,2,,,,,,,
4/3/2024,,4/4/2024,,,,,,,,,,,,,,,,,,,,,,,,,,,,,,,
4/4/2024,,4/5/2024,,,,,,,,,,,,,,,,,,,,,,,,,,,,,,,
4/5/2024,,4/6/2024,,,,,,,,,,,,,,,,,,,,,,,,,,,,,,,
4/6/2024,,4/7/2024,,,,,,,,,,,,,,,,,,,,,,,,,,,,,,,
4/7/2024,,4/8/2024,,,,,,,,,,,,,,,,,,,,,,,,,,,,,,,
4/8/2024,,4/9/2024,,,,,,,,,,,,,,,,,,,,,,,,,,,,,,,
4/9/2024,,4/10/2024,,,,,,,,,,,,,,,,,,,,,,,,,,,,,,,
4/10/2024,,4/11/2024,,,,,,,,,,,,,,,,,,,,,,,,,,,,,,,
4/11/2024,,4/12/2024,,,,,,,,,,,,,,,,,,,,,,,,,,,,,,,
4/12/2024,,4/13/2024,,,,,,,,,,,,,,,,,,,,,,,,,,,,,,,
4/13/2024,,4/14/2024,,,,,,,,,,,,,,,,,,,,,,,,,,,,,,,
4/14/2024,,4/15/2024,,,,,,,,,,,,,,,,,,,,,,,,,,,,,,,
4/15/2024,,4/16/2024,,,,,,,,,,,,,,,,,,,,,,,,,,,,,,,
4/16/2024,,4/17/2024,,,,,,,,,,,,,,,,,,,,,,,,,,,,,,,
4/17/2024,,4/18/2024,,,,,,,,,,,,,,,,,,,,,,,,,,,,,,,
4/18/2024,,4/19/2024,,,,,,,,,,,,,,,,,,,,,,,,,,,,,,,
4/19/2024,,4/20/2024,,,,,,,,,,,,,,,,,,,,,,,,,,,,,,,
4/20/2024,,4/21/2024,,,,,,,,,,,,,,,,,,,,,,,,,,,,,,,
4/21/2024,,4/22/2024,,,,,,,,,,,,,,,,,,,,,,,,,,,,,,,
4/22/2024,,4/23/2024,,,,,,,,,,,,,,,,,,,,,,,,,,,,,,,
4/23/2024,,4/24/2024,,,,,,,,,,,,,,,,,,,,,,,,,,,,,,,
4/24/2024,,4/25/2024,,,,,,,,,,,,,,,,,,,,,,,,,,,,,,,
4/25/2024,,4/26/2024,,,,,,,,,,,,,,,,,,,,,,,,,,,,,,,
4/26/2024,,4/27/2024,,,,,,,,,,,,,,,,,,,,,,,,,,,,,,,
4/27/2024,,4/28/2024,,,,,,,,,,,,,,,,,,,,,,,,,,,,,,,
4/28/2024,,4/29/2024,,,,,,,,,,,,,,,,,,,,,,,,,,,,,,,
4/29/2024,,4/30/2024,,,,,,,,,,,,,,,,,,,,,,,,,,,,,,,
4/30/2024,,5/1/2024,,,,,,,,,,,,,,,,,,,,,,,,,,,,,,,
11/1/2024,,11/2/2024,,,,,,,,,,,,,,,,,,,,,,,,,,,,,,,
11/2/2024,,11/3/2024,,,,,,,,,,,,,,,,,,,,,,,,,,,,,,,
11/3/2024,,11/4/2024,,,,,,,,,,,,,,,,,,,,,,,,,,,,,,,
11/4/2024,,11/5/2024,,,,,,,,,,,,,,,,,,,,,,,,,,,,,,,
11/5/2024,,11/6/2024,,,,,,,,,,,,,,,,,,,,,,,,,,,,,,,
11/6/2024,,11/7/2024,,,,,,,,,,,,,,,,,,,,,,,,,,,,,,,
11/7/2024,,11/8/2024,,,,,,,,,,,,,,,,,,,,,,,,,,,,,,,
11/8/2024,,11/9/2024,,,,,,,,,,,,,,,,,,,,,,,,,,,,,,,
11/9/2024,,11/10/2024,,,,,,,,,,,,,,,,,,,,,,,,,,,,,,,
11/10/2024,,11/11/2024,,,,,,,,,,,,,,,,,,,,,,,,,,,,,,,
11/11/2024,,11/12/2024,,,,,,,,,,,,,,,,,,,,,,,,,,,,,,,
11/12/2024,,11/13/2024,,,,,,,,,,,,,,,,,,,,,,,,,,,,,,,
11/13/2024,,11/14/2024,,,,,,,,,,,,,,,,,,,,,,,,,,,,,,,
11/14/2024,,11/15/2024,,,,,,,,,,,,,,,,,,,,,,,,,,,,,,,
11/15/2024,,11/16/2024,,,,,,,,,,,,,,,,,,,,,,,,,,,,,,,
11/16/2024,,11/17/2024,,,,,,,,,,,,,,,,,,,,,,,,,,,,,,,
11/17/2024,,11/18/2024,,,,,,,,,,,,,,,,,,,,,,,,,,,,,,,
11/18/2024,,11/19/2024,,,,,,,,,,,,,,,,,,,,,,,,,,,,,,,
11/19/2024,,11/20/2024,,,,,,,,,,,,,,,,,,,,,,,,,,,,,,,
11/20/2024,,11/21/2024,,,,,,,,,,,,,,,,,,,,,,,,,,,,,,,
11/21/2024,,11/22/2024,,,,,,,,,,,,,,,,,,,,,,,,,,,,,,,
11/22/2024,,11/23/2024,,,,,,,,,,,,,,,,,,,,,,,,,,,,,,,
11/23/2024,Wagner,11/24/2024,Schauer,M,M,L,M,M,L,4,Glide,,Glide,,,,M,M,L,4,Glide,,M,M,L,4,,,,,,,
11/24/2024,,11/25/2024,,,,,,,,,,,,,,,,,,,,,,,,,,,,,,,
11/25/2024,,11/26/2024,,,,,,,,,,,,,,,,,,,,,,,,,,,,,,,
11/26/2024,,11/27/2024,,,,,,,,,,,,,,,,,,,,,,,,,,,,,,,
11/27/2024,,11/28/2024,,,,,,,,,,,,,,,,,,,,,,,,,,,,,,,
11/28/2024,Dalpes,11/29/2024,Schauer,M,M,L,M,M,L,4,Glide,,Glide,,,,M,M,L,4,Glide,,M,M,L,4,,,,,,,
11/29/2024,,11/30/2024,,,,,,,,,,,,,,,,,,,,,,,,,,,,,,,
11/30/2024,,12/1/2024,,,,,,,,,,,,,,,,,,,,,,,,,,,,,,,
12/1/2024,,12/2/2024,,,,,,,,,,,,,,,,,,,,,,,,,,,,,,,
12/2/2024,,12/3/2024,,,,,,,,,,,,,,,,,,,,,,,,,,,,,,,
12/3/2024,,12/4/2024,,,,,,,,,,,,,,,,,,,,,,,,,,,,,,,
12/4/2024,,12/5/2024,,,,,,,,,,,,,,,,,,,,,,,,,,,,,,,
12/5/2024,,12/6/2024,,,,,,,,,,,,,,,,,,,,,,,,,,,,,,,
12/6/2024,,12/7/2024,,,,,,,,,,,,,,,,,,,,,,,,,,,,,,,
12/7/2024,,12/8/2024,,,,,,,,,,,,,,,,,,,,,,,,,,,,,,,
12/8/2024,,12/9/2024,,,,,,,,,,,,,,,,,,,,,,,,,,,,,,,
12/9/2024,,12/10/2024,,,,,,,,,,,,,,,,,,,,,,,,,,,,,,,
12/10/2024,,12/11/2024,,,,,,,,,,,,,,,,,,,,,,,,,,,,,,,
12/11/2024,,12/12/2024,,,,,,,,,,,,,,,,,,,,,,,,,,,,,,,
12/12/2024,,12/13/2024,,,,,,,,,,,,,,,,,,,,,,,,,,,,,,,
12/13/2024,,12/14/2024,,,,,,,,,,,,,,,,,,,,,,,,,,,,,,,
12/14/2024,,12/15/2024,,,,,,,,,,,,,,,,,,,,,,,,,,,,,,,
12/15/2024,,12/16/2024,,,,,,,,,,,,,,,,,,,,,,,,,,,,,,,
12/16/2024,,12/17/2024,,,,,,,,,,,,,,,,,,,,,,,,,,,,,,,
12/17/2024,,12/18/2024,,,,,,,,,,,,,,,,,,,,,,,,,,,,,,,
12/18/2024,,12/19/2024,,,,,,,,,,,,,,,,,,,,,,,,,,,,,,,
12/19/2024,,12/20/2024,,,,,,,,,,,,,,,,,,,,,,,,,,,,,,,
12/20/2024,,12/21/2024,,,,,,,,,,,,,,,,,,,,,,,,,,,,,,,
12/21/2024,,12/22/2024,,,,,,,,,,,,,,,,,,,,,,,,,,,,,,,
12/22/2024,,12/23/2024,,,,,,,,,,,,,,,,,,,,,,,,,,,,,,,
12/23/2024,,12/24/2024,,,,,,,,,,,,,,,,,,,,,,,,,,,,,,,
12/24/2024,,12/25/2024,,,,,,,,,,,,,,,,,,,,,,,,,,,,,,,
12/25/2024,,12/26/2024,,,,,,,,,,,,,,,,,,,,,,,,,,,,,,,
12/26/2024,,12/27/2024,,,,,,,,,,,,,,,,,,,,,,,,,,,,,,,
12/27/2024,,12/28/2024,,,,,,,,,,,,,,,,,,,,,,,,,,,,,,,
12/28/2024,Dalpes,12/29/2024,Schauer,M,L,,M,L,,3,Persistent Slab,Glide,Persistent Slab,Glide,,,M,L,,2,Persistent Slab,Glide,M,L,,4,,,,,,,
12/29/2024,Schauer,12/30/2024,Schauer,M,L,,M,L,,3,Persistent Slab,Glide,Persistent Slab,Glide,,,M,L,,,Wind Slab,Glide,M,L,,,,,,,,,
12/30/2024,Wagner,12/31/2024,Wagner,M,L,,M,L,,4,Wind Slab,Glide,,,,,,,,,,,,,,,,,,,,,
12/31/2024,,1/1/2025,,,,,,,,,,,,,,,,,,,,,,,,,,,,,,,
1/1/2025,,1/2/2025,,,,,,,,,,,,,,,,,,,,,,,,,,,,,,,
1/2/2025,Dalpes,1/3/2025,Sykes,L,L,,L,L,,4,None,,None,,,,L,L,,4,None,,M,M,,3,,,,,,,
1/3/2025,Sykes,1/4/2025,Krueger,L,L,,L,L,,4,None,,None,,,,M,L,,3,Wind Slab,,C,M,,3,"Considerable seems to high, however it was challenging to speak to the storm increasing intensity through the danger rating. ",,,,,,
1/4/2025,Krueger,1/5/2025,Schauer,M,L,,M,L,,4,Wind Slab,,Wind Slab,,,,M,M,,3,Wind Slab,,H,H,C,4,,,,,,,
1/5/2025,Schauer,1/6/2025,Wagner,M,M,,M,M,,4,Wind Slab,,Wind Slab,,,,H,H,C,4,Storm Slab,,C,C,,3,,,,,,,
1/6/2025,Wagner,1/7/2025,Krueger,H,H,C,H,H,C,4,Storm Slab,None,,,,,C,C,,2,Storm Slab,Glide,C,C,,3,"Post storm, it was difficult to match danger and travel advice. ",,,,,,
1/7/2025,Krueger,1/8/2025,Dalpes,C,C,,C,C,,4,Storm Slab,Glide,None,Glide,Conditions more stable than anticipated,,C,C,,3,Storm Slab,,C,C,,2,Not sure what next storm will bring for wind and precip,,,,,,
1/8/2025,Dalpes,1/9/2025,Dalpes,C,C,,C,C,,,Storm Slab,,,,,,H,H,C,3,Storm Slab,,C,C,,4,,,,,,,
1/9/2025,,1/10/2025,,,,,,,,,,,,,,,,,,,,,,,,,,,,,,,
1/10/2025,,1/11/2025,,,,,,,,,,,,,,,,,,,,,,,,,,,,,,,
1/11/2025,Sykes,1/12/2025,Schauer,H,C,C,H,C,C,4,Storm Slab,Persistent Slab,Storm Slab,Persistent Slab,,,H,H,H,4,Storm Slab,Persistent Slab,C,C,M,3,,,,,,,
1/12/2025,,1/13/2025,,,,,,,,,,,,,,,,,,,,,,,,,,,,,,,
1/13/2025,Wagner,1/14/2025,Schauer,C,C,M,C,C,M,4,Storm Slab,Persistent Slab,Storm Slab,Persistent Slab,,,C,M,L,3,Wind Slab,Persistent Slab,C,M,L,3,For outlook- could go to deep slab tomorrow?,,,,,,
1/14/2025,Schauer,1/15/2025,Dalpes,C,M,L,C,M,L,2,Wind Slab,Persistent Slab,Wind Slab,Persistent Slab,,,C,M,L,2,Wind Slab,Persistent Slab,M,M,L,3,,,,,,,
1/15/2025,Dalpes,1/16/2025,Sykes,C,M,L,C,M,L,2,Wind Slab,Deep Slab,Wind Slab,Deep Slab,,,M,M,L,3,Wind Slab,Persistent Slab,C,M,L,,,,,,,,
1/16/2025,,1/17/2025,,,,,,,,,,,,,,,,,,,,,,,,,,,,,,,
1/17/2025,,1/18/2025,,,,,,,,,,,,,,,,,,,,,,,,,,,,,,,
1/18/2025,,1/19/2025,,,,,,,,,,,,,,,,,,,,,,,,,,,,,,,
1/19/2025,,1/20/2025,,,,,,,,,,,,,,,,,,,,,,,,,,,,,,,
1/20/2025,Schauer,1/21/2025,Krueger,C,M,L,C,M,L,4,Storm Slab,Deep Slab,Storm Slab,Deep Slab,,,H,C,M,3,Wind Slab,Deep Slab,C,C,M,3,Increase to high in the afternoon if weather verifies,,,,,,
1/21/2025,Krueger,1/22/2025,Dalpes,H,C,M,H,C,M,3,Wind Slab,Deep Slab,Wind Slab,Deep Slab,,,C,C,M,3,Storm Slab,Deep Slab,C,M,M,3,,,,,,,
1/22/2025,Dalpes,1/23/2025,Dalpes,C,C,M,M,M,L,3,Storm Slab,Deep Slab,Storm Slab,Deep Slab,,,M,M,L,3,Wind Slab,,M,M,L,3,"The new snow seemed to stabilize really quickly, there weren't very many people out, but there was no avalanche activity post storm that we are aware of",,,,,,
1/23/2025,,1/24/2025,,,,,,,,,,,,,,,,,,,,,,,,,,,,,,,
1/24/2025,Predeger,1/25/2025,Krueger,C,M,L,C,M,L,4,Wind Slab,,Wind Slab,,,,H,H,H,2,Storm Slab,Wet Loose,H,H,H,2,The trend is that we did not recieve as much precip and warm temps overnight so my bet is that the storm was overforecast. I got a bet with Andrew so we will wait and see. ,,,,,,
1/25/2025,,1/26/2025,,,,,,,,,,,,,,,,,,,,,,,,,,,,,,,
1/26/2025,Schauer,1/27/2025,Wagner,H,H,H,H,H,H,4,Storm Slab,,Storm Slab,,,,C,C,M,4,Storm Slab,,C,M,L,,"should stabilize quickly, maybe mod tomorrow... ",,,,,,
1/27/2025,Wagner,1/28/2025,Krueger,C,C,M,C,C,M,3,Storm Slab,,Storm Slab,,,,M,M,L,4,Wind Slab,,M,M,L,3,,,,,,,
1/28/2025,Krueger,1/29/2025,Dalpes,M,M,L,M,L,L,3,Wind Slab,,Wind Slab,,,,M,L,L,4,Wind Slab,,M,L,L,3,"Wendy, Andrew, and John reported low danger conditions in the mid elevations on 1.28",,,,,,
1/29/2025,Dalpes,1/30/2025,Sykes,M,L,L,M,L,L,2,Wind Slab,,Wind Slab,,,,M,M,L,3,Wind Slab,,M,L,L,3,,,,,,,
1/30/2025,Sykes,1/31/2025,Sykes,M,M,L,M,M,L,3,Wind Slab,,Wind Slab,,,,M,L,L,3,Wind Slab,,L,L,L,3,,,,,,,
1/31/2025,,2/1/2025,,,,,,,,,,,,,,,,,,,,,,,,,,,,,,,
2/1/2025,,2/2/2025,,,,,,,,,,,,,,,,,,,,,,,,,,,,,,,
2/2/2025,Schauer,2/3/2025,Wagner,L,L,L,L,L,L,4,,,,,,,L,L,L,4,,,L,L,L,4,,,,,,,
2/3/2025,Wagner,2/4/2025,Dalpes,L,L,L,L,L,L,4,,,,,,,L,L,L,4,,,L,L,L,3,If the wind forecast increases tomorrow may be mod in the alpine for wind slab,,,,,,
2/4/2025,Dalpes,2/5/2025,Dalpes,L,L,L,L,L,L,4,,,,,,,L,L,L,4,,,L,L,L,3,We'll see what happens with the winds today,,,,,,
2/5/2025,Dalpes,2/6/2025,Krueger,L,L,L,L,L,L,4,,,,,,,L,L,L,3,,,L,L,L,3,Winds began to die as the forecast was being published. Lets see how the day goes. ,,,,,,
2/6/2025,Krueger,2/7/2025,Sykes,L,L,L,L,L,L,4,,,,,,,L,L,L,4,,,L,L,L,4,,,,,,,
2/7/2025,Sykes,2/8/2025,Krueger,L,L,L,L,L,L,4,,,,,,,L,L,L,4,,,L,L,L,4,,,,,,,
2/8/2025,,2/9/2025,,,,,,,,,,,,,,,,,,,,,,,,,,,,,,,
2/9/2025,,2/10/2025,,,,,,,,,,,,,,,,,,,,,L,L,L,,,,,,,,
2/10/2025,Schauer,2/11/2025,Krueger,M,L,L,M,L,L,4,Wind Slab,,Wind Slab,,,,M,L,L,3,Wind Slab,,L,L,L,,Wind may not show up but WS over weak layers added to moderate decision,,,,,,
2/11/2025,Krueger,2/12/2025,Dalpes,M,L,L,M,L,L,3,Wind Slab,,Wind Slab,,,,L,L,L,4,,,L,L,L,3,,,,,,,
2/12/2025,,2/13/2025,,,,,,,,,,,,,,,,,,,,,,,,,,,,,,,
2/13/2025,Schauer,2/14/2025,Sykes,L,L,L,L,L,L,5,,,,,,,M,L,L,4,Wind Slab,,M,M,L,3,,,,,,,
2/14/2025,Sykes,2/15/2025,Sykes,M,L,L,M,L,L,4,Wind Slab,,Wind Slab,,,,C,M,L,3,Wind Slab,,C,M,L,3,"Depends on snowfall and wind, first wave of storm underpeformed on snowfall",,,,,,
2/15/2025,,2/16/2025,,,,,,,,,,,,,,,,,,,,,,,,,,,,,,,
2/16/2025,Wagner,2/17/2025,Dalpes,C,M,L,M,M,L,3,Wind Slab,,Wind Slab,,,,M,M,L,3,Wind Slab,,M,M,L,3,Wind and snow didn't show up as forecast yesterday. Buried SH in mid elevations and Moderow's ob pushed me to mod at treeline today,,,,,,
2/17/2025,Dalpes,2/18/2025,Krueger,M,M,L,M,M,L,3,Wind Slab,,Wind Slab,,,,C,M,L,3,Wind Slab,,M,M,L,3,,,,,,,
2/18/2025,Krueger,2/19/2025,Dalpes,C,M,L,C,M,L,3,Wind Slab,,Wind Slab,,,,M,L,L,3,Wind Slab,,C,M,L,2,winds are forecast to increase tomorrow,,,,,,
2/19/2025,,2/20/2025,,,,,,,,,,,,,,,,,,,,,,,,,,,,,,,
2/20/2025,Wagner,2/21/2025,Sykes,M,M,L,M,M,L,3,Wind Slab,,Wind Slab,,,,C,M,L,4,Wind Slab,,M,M,L,3,,,,,,,
2/21/2025,Sykes,2/22/2025,Krueger,C,M,L,C,M,L,4,Wind Slab,,Wind Slab,,,,M,M,L,3,Wind Slab,,M,M,L,3,,,,,,,
2/22/2025,,2/23/2025,,,,,,,,,,,,,,,,,,,,,,,,,,,,,,,
2/23/2025,,2/24/2025,,,,,,,,,,,,,,,,,,,,,,,,,,,,,,,
2/24/2025,,2/25/2025,,,,,,,,,,,,,,,,,,,,,,,,,,,,,,,
2/25/2025,Krueger,2/26/2025,Dalpes,M,M,L,M,M,L,4,Persistent Slab,,Persistent Slab,,,,M,M,L,4,Persistent Slab,,M,M,L,4,"Another report of rider caught and carried yesterday, conditions are still touchy",,,,,,
2/26/2025,Dalpes,2/27/2025,Sykes,M,M,L,C,M,L,4,Persistent Slab,,Persistent Slab,,Avy Sensitivity Fx,,C,M,L,4,Persistent Slab,Wind Slab,H,H,C,3,Snowboarder caught and carried 300' on BSH 1-2' deep,,,,,,
2/27/2025,Sykes,2/28/2025,Sykes,C,M,L,C,M,L,3,Persistent Slab,Wind Slab,Persistent Slab,Wind Slab,,,C,C,M,3,Persistent Slab,Wind Slab,C,C,M,3,Depends on SWE totals,,,,,,
2/28/2025,Sykes,3/1/2025,Schauer,C,C,M,C,C,M,4,Persistent Slab,Wind Slab,Persistent Slab,Wind Slab,,,C,C,M,4,Persistent Slab,Wind Slab,C,C,M,4,,,,,,,
3/1/2025,Schauer,3/2/2025,Schauer,C,C,M,C,C,M,3,Persistent Slab,Wind Slab,Persistent Slab,Wind Slab,,,C,C,M,4,Persistent Slab,Wind Slab,C,C,M,4,,,,,,,
3/2/2025,,3/3/2025,,,,,,,,,,,,,,,,,,,,,,,,,,,,,,,
3/3/2025,Sykes,3/4/2025,Krueger,C,C,M,C,C,M,3,Persistent Slab,Wind Slab,Persistent Slab,Wind Slab,,,C,C,M,3,Persistent Slab,Wind Slab,C,C,M,3,,,,,,,
3/4/2025,,3/5/2025,,,,,,,,,,,,,,,,,,,,,,,,,,,,,,,
3/5/2025,,3/6/2025,,,,,,,,,,,,,,,,,,,,,,,,,,,,,,,
3/6/2025,,3/7/2025,,,,,,,,,,,,,,,,,,,,,,,,,,,,,,,
3/7/2025,,3/8/2025,,,,,,,,,,,,,,,,,,,,,,,,,,,,,,,
3/8/2025,Sykes,3/9/2025,Krueger,C,C,M,C,C,M,3,Persistent Slab,Wind Slab,Persistent Slab,Wind Slab,,,C,C,M,3,Persistent Slab,Wind Slab,C,C,M,3,2nd day posting Special avalanche Bulletin,,,,,,
3/9/2025,,3/10/2025,,,,,,,,,,,,None,,,,,,,,,,,,,,,,,,,
3/10/2025,Schauer,3/11/2025,Krueger,C,C,M,C,C,M,3,Persistent Slab,Wind Slab,Persistent Slab,Wind Slab,,,C,C,M,3,Persistent Slab,Wind Slab,C,C,M,3,,,,,,,
3/11/2025,Krueger,3/12/2025,Krueger,C,C,M,C,C,M,3,Persistent Slab,Wind Slab,Persistent Slab,Wind Slab,,,C,C,M,2,Persistent Slab,Wind Slab,C,C,M,3,Probably could drop wind slab,,,,,,
3/12/2025,,3/13/2025,,,,,,,,,,,,,,,,,,,,,,,,,,,,,,,
3/13/2025,,3/14/2025,,,,,,,,,,,,,,,,,,,,,,,,,,,,,,,
3/14/2025,,3/15/2025,,,,,,,,,,,,,,,,,,,,,,,,,,,,,,,
3/15/2025,,3/16/2025,,,,,,,,,,,,,,,,,,,,,,,,,,,,,,,
3/16/2025,,3/17/2025,,,,,,,,,,,,,,,,,,,,,,,,,,,,,,,
3/17/2025,Wagner,3/18/2025,Krueger,C,C,M,C,C,M,3,Persistent Slab,None,Persistent Slab,None,,,C,C,M,3,Persistent Slab,Wind Slab,C,C,M,3,,,,,,,
3/18/2025,Krueger,3/19/2025,Dalpes,C,C,M,C,C,M,4,Persistent Slab,Wind Slab,Persistent Slab,Wind Slab,,,C,C,M,3,Persistent Slab,Wind Slab,C,C,M,2,,,,,,,
3/19/2025,Dalpes,3/20/2025,Dalpes,C,C,M,C,C,M,3,Persistent Slab,Wind Slab,Persistent Slab,Wind Slab,,,C,C,M,3,Persistent Slab,Wind Slab,C,C,M,2,"I think we are trending to moderate, but wanted group consensus",,,,,,
3/20/2025,,3/21/2025,,,,,,,,,,,,,,,,,,,,,,,,,,,,,,,
3/21/2025,,3/22/2025,,,,,,,,,,,,,,,,,,,,,,,,,,,,,,,
3/22/2025,,3/23/2025,,,,,,,,,,,,,,,,,,,,,,,,,,,,,,,
3/23/2025,Wagner,3/24/2025,Dalpes,C,C,M,C,C,M,4,Persistent Slab,Wind Slab,Persistent Slab,Wind Slab,,,C,C,M,4,Persistent Slab,Wind Slab,C,C,M,3,,,,,,,
3/24/2025,Dalpes,3/25/2025,Krueger,C,C,M,C,C,M,4,Persistent Slab,Wind Slab,Persistent Slab,Wind Slab,,,C,C,M,4,Persistent Slab,Wind Slab,C,C,M,3,,,,,,,
3/25/2025,,3/26/2025,,,,,,,,,,,,,,,,,,,,,,,,,,,,,,,
3/26/2025,,3/27/2025,,,,,,,,,,,,,,,,,,,,,,,,,,,,,,,
3/27/2025,,3/28/2025,,,,,,,,,,,,,,,,,,,,,,,,,,,,,,,
3/28/2025,Sykes,3/29/2025,Dalpes,C,C,M,C,C,M,3,Persistent Slab,Glide,Persistent Slab,Glide,,,C,C,M,3,Persistent Slab,Glide,C,C,M,3,"We are probably trending moderate, but are hesitant to drop because of the fatal avalanche one week ago and because of the people that only look at the color",,,,,,
3/29/2025,Dalpes,3/30/2025,Krueger,C,C,M,C,C,M,3,Persistent Slab,Glide,Persistent Slab,Glide,,,C,C,M,3,Persistent Slab,Glide,C,C,M,3,,,,,,,
3/30/2025,,3/31/2025,,,,,,,,,,,,,,,,,,,,,,,,,,,,,,,
3/31/2025,,4/1/2025,,,,,,,,,,,,,,,,,,,,,,,,,,,,,,,
4/1/2025,Krueger,4/2/2025,Dalpes,C,C,M,C,C,M,4,Persistent Slab,Glide,Glide,Persistent Slab,Avy Type Fx,,C,C,M,3,Glide,Persistent Slab,M,M,M,3,"In hindsight and after getting reports there were numerous new glide avalanches yesterday, also today may not be as dangerous if clouds come in early.",,,,,,
4/2/2025,,4/3/2025,,,,,,,,,,,,,,,,,,,,,,,,,,,,,,,
4/3/2025,,4/4/2025,,,,,,,,,,,,,,,,,,,,,,,,,,,,,,,
4/4/2025,Sykes,4/5/2025,Krueger,H,H,H,H,H,H,3,Wet Slab,Persistent Slab,Wet Slab,Persistent Slab,,,H,H,H,3,Wet Slab,Persistent Slab,C,C,C,3,,,,,,,
4/5/2025,,4/6/2025,,,,,,,,,,,,,,,,,,,,,,,,,,,,,,,
4/6/2025,,4/7/2025,,,,,,,,,,,,,,,,,,,,,,,,,,,,,,,
4/7/2025,Schauer,4/8/2025,Krueger,C,C,C,H,H,H,3,Wet Slab,Persistent Slab,Storm Slab,Wet Slab,,,C,C,C,2,Storm Slab,Persistent Slab,C,C,C,2,,,,,,,
4/8/2025,Krueger,4/9/2025,Dalpes,C,C,C,C,C,C,3,Storm Slab,Wet Slab,Storm Slab,Wet Slab,,,C,C,C,3,Storm Slab,Persistent Slab,C,C,C,2,,,,,,,
4/9/2025,,4/10/2025,,,,,,,,,,,,,,,,,,,,,,,,,,,,,,,
4/10/2025,,4/11/2025,,,,,,,,,,,,,,,,,,,,,,,,,,,,,,,
4/11/2025,Sykes,4/12/2025,Dalpes,C,C,M,C,C,M,3,Storm Slab,Persistent Slab,Storm Slab,Persistent Slab,,,C,C,M,3,Wind Slab,Persistent Slab,H,H,H,3,,,,,,,
4/12/2025,,4/13/2025,,,,,,,,,,,,,,,,,,,,,,,,,,,,,,,
4/13/2025,Wagner,4/14/2025,,H,H,H,H,H,H,3,Storm Slab,Deep Slab,Storm Slab,Deep Slab,,,,,,,,,,,,,,,,,,,
4/14/2025,,4/15/2025,Dalpes,,,,,,,,,,,,,,C,M,M,3,Wind Slab,Glide,H,H,H,3,No forecast yesterday with spring schedule. Maybe 1 deep slab on Pyramid,,,,,,
4/15/2025,,4/16/2025,,,,,,,,,,,,,,,,,,,,,,,,,,,,,,,
4/16/2025,,4/17/2025,,,,,,,,,,,,,,,,,,,,,,,,,,,,,,,
4/17/2025,,4/18/2025,,,,,,,,,,,,,,,,,,,,,,,,,,,,,,,
4/18/2025,,4/19/2025,,,,,,,,,,,,,,,,,,,,,,,,,,,,,,,
4/19/2025,Schauer,4/20/2025,Krueger,C,C,C,C,C,C,3,Wet Loose,Deep Slab,Wet Loose,Deep Slab,,,M,M,M,3,Glide,Deep Slab,M,M,M,3,,,,,,,
4/20/2025,,4/21/2025,,,,,,,,,,,,,,,,,,,,,,,,,,,,,,,
4/21/2025,Krueger,4/22/2025,Krueger,M,M,M,M,M,M,3,Glide,Deep Slab,,,,,M,M,M,3,Glide,Deep Slab,M,M,M,3,,,,,,,
4/22/2025,,4/23/2025,,,,,,,,,,,,,,,,,,,,,,,,,,,,,,,
4/23/2025,,4/24/2025,,,,,,,,,,,,,,,,,,,,,,,,,,,,,,,
4/24/2025,,4/25/2025,,,,,,,,,,,,,,,,,,,,,,,,,,,,,,,
4/25/2025,,4/26/2025,,,,,,,,,,,,,,,,,,,,,,,,,,,,,,,
4/26/2025,,4/27/2025,,,,,,,,,,,,,,,,,,,,,,,,,,,,,,,
4/27/2025,,4/28/2025,,,,,,,,,,,,,,,,,,,,,,,,,,,,,,,
4/28/2025,,4/29/2025,,,,,,,,,,,,,,,,,,,,,,,,,,,,,,,
4/29/2025,,4/30/2025,,,,,,,,,,,,,,,,,,,,,,,,,,,,,,,
4/30/2025,,5/1/2025,,,,,,,,,,,,,,,,,,,,,,,,,,,,,,,
5/1/2025,,5/2/2025,,,,,,,,,,,,,,,,,,,,,,,,,,,,,,,
