"Date","alp.pred","tl.pred","btl.pred","alp.ob","tl.ob","btl.ob","p1.pred","p2.pred","p3.pred","ac.pred","p1.ob","p2.ob"
1970-01-01,3,3,2,,,,"PS","SS","","",,
1970-01-01,4,4,4,,,,"PS","SS","","",,
1970-01-01,,,,,,,"","","","",,
2008-12-03,,,,,,,"","",,,,
2008-12-04,,,,,,,"","",,,,
2008-12-05,,,,,,,"","",,,,
2008-12-06,,,,,,,"","",,,,
2008-12-07,,,,,,,"","",,,,
2008-12-10,,,,,,,"","",,,,
2008-12-11,,,,,,,"","",,,,
2008-12-12,,,,,,,"","",,,,
2008-12-13,,,,,,,"","",,,,
2008-12-14,,,,,,,"","",,,,
2008-12-17,,,,,,,"","",,,,
2008-12-18,,,,,,,"","",,,,
2008-12-19,,,,,,,"","",,,,
2008-12-20,,,,,,,"","",,,,
2008-12-21,,,,,,,"","",,,,
2008-12-24,,,,,,,"","",,,,
2008-12-25,,,,,,,"","",,,,
2008-12-26,,,,,,,"","",,,,
2008-12-27,,,,,,,"","",,,,
2008-12-28,,,,,,,"","",,,,
2008-12-31,,,,,,,"","",,,,
2009-01-01,,,,,,,"","",,,,
2009-01-02,,,,,,,"","",,,,
2009-01-03,,,,,,,"","",,,,
2009-01-04,,,,,,,"","",,,,
2009-01-07,,,,,,,"","",,,,
2009-01-08,,,,,,,"","",,,,
2009-01-09,,,,,,,"","",,,,
2009-01-10,,,,,,,"","",,,,
2009-01-11,,,,,,,"","",,,,
2009-01-14,,,,,,,"","",,,,
2009-01-15,,,,,,,"","",,,,
2009-01-17,,,,,,,"","",,,,
2009-01-18,,,,,,,"","",,,,
2009-01-21,,,,,,,"","",,,,
2009-01-22,,,,,,,"","",,,,
2009-01-23,,,,,,,"","",,,,
2009-01-24,,,,,,,"","",,,,
2009-01-25,,,,,,,"","",,,,
2009-01-28,,,,,,,"","",,,,
2009-01-29,,,,,,,"","",,,,
2009-01-30,,,,,,,"","",,,,
2009-01-31,,,,,,,"","",,,,
2009-02-01,,,,,,,"","",,,,
2009-02-04,,,,,,,"","",,,,
2009-02-05,,,,,,,"","",,,,
2009-02-06,,,,,,,"","",,,,
2009-02-07,,,,,,,"","",,,,
2009-02-08,,,,,,,"","",,,,
2009-02-11,,,,,,,"","",,,,
2009-02-12,,,,,,,"","",,,,
2009-02-13,,,,,,,"","",,,,
2009-02-14,,,,,,,"","",,,,
2009-02-15,,,,,,,"","",,,,
2009-02-19,,,,,,,"","",,,,
2009-02-20,,,,,,,"","",,,,
2009-02-21,,,,,,,"","",,,,
2009-02-22,,,,,,,"","",,,,
2009-02-25,,,,,,,"","",,,,
2009-02-26,,,,,,,"","",,,,
2009-02-27,,,,,,,"","",,,,
2009-02-28,,,,,,,"","",,,,
2009-03-01,,,,,,,"","",,,,
2009-03-04,,,,,,,"","",,,,
2009-03-05,,,,,,,"","",,,,
2009-03-06,,,,,,,"","",,,,
2009-03-07,,,,,,,"","",,,,
2009-03-08,,,,,,,"","",,,,
2009-03-11,,,,,,,"","",,,,
2009-03-12,,,,,,,"","",,,,
2009-03-13,,,,,,,"","",,,,
2009-03-14,,,,,,,"","",,,,
2009-03-15,,,,,,,"","",,,,
2009-03-18,,,,,,,"","",,,,
2009-03-19,,,,,,,"","",,,,
2009-03-20,,,,,,,"","",,,,
2009-03-21,,,,,,,"","",,,,
2009-03-22,,,,,,,"","",,,,
2009-03-25,,,,,,,"","",,,,
2009-03-28,,,,,,,"","",,,,
2009-03-29,,,,,,,"","",,,,
2009-04-03,,,,,,,"","",,,,
2009-04-10,,,,,,,"","",,,,
2009-04-22,,,,,,,"","",,,,
2009-05-08,,,,,,,"","",,,,
2009-07-24,,,,,,,"","",,,,
2009-11-06,,,,,,,"","",,,,
2009-11-12,,,,,,,"","",,,,
2009-11-19,,,,,,,"","",,,,
2009-11-23,,,,,,,"","",,,,
2009-11-25,,,,,,,"","",,,,
2009-11-26,,,,,,,"","",,,,
2009-11-27,,,,,,,"","",,,,
2009-11-28,,,,,,,"","",,,,
2009-11-29,,,,,,,"","",,,,
2009-11-30,,,,,,,"","",,,,
2009-12-01,,,,,,,"","",,,,
2009-12-02,,,,,,,"","",,,,
2009-12-03,,,,,,,"","",,,,
2009-12-04,,,,,,,"","",,,,
2009-12-05,,,,,,,"","",,,,
2009-12-06,,,,,,,"","",,,,
2009-12-07,,,,,,,"","",,,,
2009-12-08,,,,,,,"","",,,,
2009-12-09,,,,,,,"","",,,,
2009-12-10,,,,,,,"","",,,,
2009-12-11,,,,,,,"","",,,,
2009-12-12,,,,,,,"","",,,,
2009-12-13,,,,,,,"","",,,,
2009-12-14,,,,,,,"","",,,,
2009-12-15,,,,,,,"","",,,,
2009-12-16,,,,,,,"","",,,,
2009-12-17,,,,,,,"","",,,,
2009-12-18,,,,,,,"","",,,,
2009-12-19,,,,,,,"","",,,,
2009-12-20,3,3,3,,,,"","",,,,
2009-12-21,3,3,3,,,,"","",,,,
2009-12-22,3,3,3,,,,"","",,,,
2009-12-23,3,3,3,,,,"","",,,,
2009-12-24,3,3,3,,,,"","",,,,
2009-12-25,3,3,3,,,,"","",,,,
2009-12-26,2,2,2,,,,"","",,,,
2009-12-27,2,2,2,,,,"","",,,,
2009-12-28,2,2,2,,,,"","",,,,
2009-12-29,1,1,1,,,,"","",,,,
2009-12-30,1,1,1,,,,"","",,,,
2009-12-31,1,1,1,,,,"","",,,,
2010-01-01,1,1,1,,,,"","",,,,
2010-01-02,1,1,1,,,,"","",,,,
2010-01-03,1,1,1,,,,"","",,,,
2010-01-04,2,2,2,,,,"","",,,,
2010-01-05,1,1,1,,,,"","",,,,
2010-01-06,2,2,2,,,,"","",,,,
2010-01-07,2,2,2,,,,"","",,,,
2010-01-08,2,2,2,,,,"","",,,,
2010-01-09,2,2,2,,,,"","",,,,
2010-01-10,1,1,1,,,,"","",,,,
2010-01-11,1,1,1,,,,"","",,,,
2010-01-12,1,1,1,,,,"","",,,,
2010-01-13,1,1,1,,,,"","",,,,
2010-01-14,1,1,1,,,,"","",,,,
2010-01-15,1,1,1,,,,"","",,,,
2010-01-16,2,2,2,,,,"","",,,,
2010-01-17,3,3,3,,,,"","",,,,
2010-01-18,3,3,3,,,,"","",,,,
2010-01-19,2,2,2,,,,"","",,,,
2010-01-20,2,2,2,,,,"","",,,,
2010-01-21,2,2,2,,,,"","",,,,
2010-01-22,2,2,2,,,,"","",,,,
2010-01-23,2,2,2,,,,"","",,,,
2010-01-24,1,1,1,,,,"","",,,,
2010-01-25,1,1,1,,,,"","",,,,
2010-01-26,1,1,1,,,,"","",,,,
2010-01-27,1,1,1,,,,"","",,,,
2010-01-28,2,2,2,,,,"","",,,,
2010-01-29,2,2,2,,,,"","",,,,
2010-01-30,2,2,2,,,,"","",,,,
2010-01-31,1,1,1,,,,"","",,,,
2010-02-01,1,1,1,,,,"","",,,,
2010-02-02,1,1,1,,,,"","",,,,
2010-02-03,1,1,1,,,,"","",,,,
2010-02-04,1,1,1,,,,"","",,,,
2010-02-05,1,1,1,,,,"","",,,,
2010-02-06,4,4,4,,,,"","",,,,
2010-02-07,3,3,3,,,,"","",,,,
2010-02-08,2,2,2,,,,"","",,,,
2010-02-09,3,3,3,,,,"","",,,,
2010-02-10,3,3,3,,,,"","",,,,
2010-02-11,3,3,3,,,,"","",,,,
2010-02-12,2,2,2,,,,"","",,,,
2010-02-13,2,2,2,,,,"","",,,,
2010-02-14,3,3,3,,,,"","",,,,
2010-02-15,4,4,4,,,,"","",,,,
2010-02-16,4,4,4,,,,"","",,,,
2010-02-17,4,4,4,,,,"","",,,,
2010-02-18,5,5,5,,,,"","",,,,
2010-02-19,4,4,4,,,,"","",,,,
2010-02-20,4,4,4,,,,"","",,,,
2010-02-21,3,3,3,,,,"","",,,,
2010-02-22,3,3,3,,,,"","",,,,
2010-02-23,2,2,2,,,,"","",,,,
2010-02-24,1,1,1,,,,"","",,,,
2010-02-25,2,2,2,,,,"","",,,,
2010-02-26,2,2,2,,,,"","",,,,
2010-02-27,2,2,2,,,,"","",,,,
2010-02-28,3,3,3,,,,"","",,,,
2010-03-01,3,3,3,,,,"","",,,,
2010-03-02,3,3,3,,,,"","",,,,
2010-03-03,3,3,3,,,,"","",,,,
2010-03-04,3,3,3,,,,"","",,,,
2010-03-05,4,4,4,,,,"","",,,,
2010-03-06,3,3,3,,,,"","",,,,
2010-03-07,2,2,2,,,,"","",,,,
2010-03-08,4,4,4,,,,"","",,,,
2010-03-09,3,3,3,,,,"","",,,,
2010-03-10,3,3,3,,,,"","",,,,
2010-03-11,2,2,2,,,,"","",,,,
2010-03-12,2,2,2,,,,"","",,,,
2010-03-13,2,2,2,,,,"","","","",,
2010-03-14,2,2,2,,,,"","",,,,
2010-03-15,2,2,2,,,,"","",,,,
2010-03-16,2,2,2,,,,"","",,,,
2010-03-17,2,2,2,,,,"","",,,,
2010-03-18,2,2,2,,,,"","",,,,
2010-03-19,3,3,3,,,,"","",,,,
2010-03-20,3,3,3,,,,"","",,,,
2010-03-21,3,3,3,,,,"","",,,,
2010-03-22,2,2,2,,,,"","",,,,
2010-03-23,2,2,2,,,,"","",,,,
2010-03-24,2,2,2,,,,"","",,,,
2010-03-25,2,2,2,,,,"","",,,,
2010-03-26,2,2,2,,,,"","",,,,
2010-03-27,2,2,2,,,,"","",,,,
2010-03-28,3,3,3,,,,"","",,,,
2010-03-29,3,3,3,,,,"","",,,,
2010-03-30,3,3,3,,,,"","",,,,
2010-03-31,3,3,3,,,,"","",,,,
2010-04-01,3,3,3,,,,"","",,,,
2010-04-02,2,2,2,,,,"","",,,,
2010-04-03,2,2,2,,,,"","",,,,
2010-04-04,2,2,2,,,,"","",,,,
2010-04-05,3,3,3,,,,"","",,,,
2010-04-06,3,3,3,,,,"","",,,,
2010-04-07,2,2,2,,,,"","",,,,
2010-04-08,2,2,2,,,,"","",,,,
2010-04-09,2,2,2,,,,"","",,,,
2010-04-10,2,2,2,,,,"","",,,,
2010-04-11,2,2,2,,,,"","",,,,
2010-04-12,2,2,2,,,,"","",,,,
2010-04-13,2,2,2,,,,"","",,,,
2010-04-14,1,1,1,,,,"","",,,,
2010-04-15,,,,,,,"","",,,,
2010-10-29,,,,,,,"","",,,,
2010-11-08,,,,,,,"","",,,,
2010-11-10,,,,,,,"","",,,,
2010-11-12,1,1,1,,,,"","",,,,
2010-11-13,1,1,1,,,,"","",,,,
2010-11-14,1,1,1,,,,"","",,,,
2010-11-15,1,1,1,,,,"","",,,,
2010-11-16,1,1,1,,,,"","",,,,
2010-11-17,1,1,1,,,,"","",,,,
2010-11-18,1,1,1,,,,"","",,,,
2010-11-19,1,1,1,,,,"","",,,,
2010-11-20,1,1,1,,,,"","",,,,
2010-11-21,1,1,1,,,,"","",,,,
2010-11-22,2,2,2,,,,"","",,,,
2010-11-23,2,2,2,,,,"","",,,,
2010-11-24,2,2,2,,,,"","",,,,
2010-11-25,2,2,2,,,,"","",,,,
2010-11-26,2,2,2,,,,"","",,,,
2010-11-27,1,1,1,,,,"","",,,,
2010-11-28,2,2,2,,,,"","",,,,
2010-11-29,2,2,2,,,,"","",,,,
2010-11-30,2,2,2,,,,"","",,,,
2010-12-01,1,1,1,,,,"","",,,,
2010-12-02,1,1,1,,,,"","",,,,
2010-12-03,3,3,3,,,,"","",,,,
2010-12-04,3,3,3,,,,"","",,,,
2010-12-05,3,3,3,,,,"","",,,,
2010-12-06,2,2,2,,,,"","",,,,
2010-12-07,2,2,2,,,,"","",,,,
2010-12-08,2,2,2,,,,"","",,,,
2010-12-09,2,2,2,,,,"","",,,,
2010-12-10,2,2,2,,,,"","",,,,
2010-12-11,2,2,2,,,,"","",,,,
2010-12-12,2,2,2,,,,"","",,,,
2010-12-13,2,2,2,,,,"","",,,,
2010-12-14,2,2,2,,,,"","",,,,
2010-12-15,2,2,2,,,,"","",,,,
2010-12-16,2,2,2,,,,"","",,,,
2010-12-17,2,2,2,,,,"","",,,,
2010-12-18,2,2,2,,,,"","",,,,
2010-12-19,2,2,2,,,,"","",,,,
2010-12-20,2,2,2,,,,"","",,,,
2010-12-21,1,1,1,,,,"","",,,,
2010-12-22,1,1,1,,,,"","",,,,
2010-12-23,1,1,1,,,,"","",,,,
2010-12-24,1,1,1,,,,"","",,,,
2010-12-25,1,1,1,,,,"","",,,,
2010-12-26,1,1,1,,,,"","",,,,
2010-12-27,1,1,1,,,,"","",,,,
2010-12-28,1,1,1,,,,"","",,,,
2010-12-29,1,1,1,,,,"","",,,,
2010-12-30,3,3,3,,,,"","",,,,
2010-12-31,3,3,3,,,,"","",,,,
2011-01-01,2,2,2,,,,"","",,,,
2011-01-02,3,3,3,,,,"","",,,,
2011-01-03,4,4,4,,,,"","",,,,
2011-01-04,3,3,3,,,,"","",,,,
2011-01-05,3,3,3,,,,"","",,,,
2011-01-06,3,3,3,,,,"","",,,,
2011-01-07,3,3,3,,,,"","",,,,
2011-01-08,3,3,3,,,,"","",,,,
2011-01-09,3,3,3,,,,"","",,,,
2011-01-10,2,2,2,,,,"","",,,,
2011-01-11,2,2,2,,,,"","",,,,
2011-01-12,2,2,2,,,,"","",,,,
2011-01-13,2,2,2,,,,"","",,,,
2011-01-14,2,2,2,,,,"","",,,,
2011-01-15,2,2,2,,,,"","",,,,
2011-01-16,2,2,2,,,,"","",,,,
2011-01-17,2,2,2,,,,"","",,,,
2011-01-18,2,2,2,,,,"","",,,,
2011-01-19,2,2,2,,,,"","",,,,
2011-01-20,2,2,2,,,,"","",,,,
2011-01-21,2,2,2,,,,"","",,,,
2011-01-22,2,2,2,,,,"","",,,,
2011-01-23,3,3,3,,,,"","",,,,
2011-01-24,3,3,3,,,,"","",,,,
2011-01-25,3,3,3,,,,"","",,,,
2011-01-26,2,2,2,,,,"","",,,,
2011-01-27,2,2,2,,,,"","",,,,
2011-01-28,2,2,2,,,,"","",,,,
2011-01-29,2,2,2,,,,"","",,,,
2011-01-30,2,2,2,,,,"","",,,,
2011-01-31,3,3,3,,,,"","","","",,
2011-02-01,3,3,3,,,,"","","","",,
2011-02-02,3,3,3,,,,"","",,,,
2011-02-03,3,3,3,,,,"","",,,,
2011-02-04,2,2,2,,,,"","",,,,
2011-02-05,2,2,2,,,,"","",,,,
2011-02-06,2,2,2,,,,"","",,,,
2011-02-07,2,2,2,,,,"","",,,,
2011-02-08,3,3,3,,,,"","",,,,
2011-02-09,3,3,3,,,,"","",,,,
2011-02-10,2,2,2,,,,"","",,,,
2011-02-11,2,2,2,,,,"","",,,,
2011-02-12,2,2,2,,,,"","",,,,
2011-02-13,2,2,2,,,,"","",,,,
2011-02-14,2,2,2,,,,"","",,,,
2011-02-15,2,2,2,,,,"","",,,,
2011-02-16,2,2,2,,,,"","",,,,
2011-02-18,2,2,2,,,,"","",,,,
2011-02-19,2,2,2,,,,"","",,,,
2011-02-20,2,2,2,,,,"","",,,,
2011-02-21,2,2,2,,,,"","",,,,
2011-02-22,2,2,2,,,,"","",,,,
2011-02-23,2,2,2,,,,"","",,,,
2011-02-24,2,2,2,,,,"","",,,,
2011-02-25,2,2,2,,,,"","",,,,
2011-02-26,2,2,2,,,,"","",,,,
2011-02-27,2,2,2,,,,"","",,,,
2011-02-28,2,2,2,,,,"","",,,,
2011-03-01,2,2,2,,,,"","",,,,
2011-03-02,2,2,2,,,,"","",,,,
2011-03-03,1,1,1,,,,"","",,,,
2011-03-04,1,1,1,,,,"","",,,,
2011-03-05,1,1,1,,,,"","",,,,
2011-03-06,1,1,1,,,,"","",,,,
2011-03-07,1,1,1,,,,"","",,,,
2011-03-08,1,1,1,,,,"","",,,,
2011-03-09,1,1,1,,,,"","",,,,
2011-03-10,1,1,1,,,,"","",,,,
2011-03-11,1,1,1,,,,"","",,,,
2011-03-12,1,1,1,,,,"","",,,,
2011-03-13,1,1,1,,,,"","",,,,
2011-03-14,1,1,1,,,,"","",,,,
2011-03-15,1,1,1,,,,"","",,,,
2011-03-16,1,1,1,,,,"","",,,,
2011-03-17,1,1,1,,,,"","",,,,
2011-03-18,1,1,1,,,,"","",,,,
2011-03-19,1,1,1,,,,"","",,,,
2011-03-20,1,1,1,,,,"","",,,,
2011-03-21,1,1,1,,,,"","",,,,
2011-03-22,1,1,1,,,,"","",,,,
2011-03-23,1,1,1,,,,"","",,,,
2011-03-24,1,1,1,,,,"","",,,,
2011-03-25,2,2,2,,,,"","",,,,
2011-03-26,1,1,1,,,,"","",,,,
2011-03-27,1,1,1,,,,"","",,,,
2011-03-28,1,1,1,,,,"","",,,,
2011-03-29,3,3,3,,,,"","",,,,
2011-03-30,3,3,3,,,,"","",,,,
2011-03-31,2,2,2,,,,"","",,,,
2011-04-01,2,2,2,,,,"","",,,,
2011-04-02,2,2,2,,,,"","",,,,
2011-04-03,3,3,3,,,,"","",,,,
2011-04-04,3,3,3,,,,"","",,,,
2011-04-05,2,2,2,,,,"","",,,,
2011-04-06,2,2,2,,,,"","",,,,
2011-04-07,4,4,4,,,,"","",,,,
2011-04-08,3,3,3,,,,"","",,,,
2011-04-09,2,2,2,,,,"","",,,,
2011-04-10,2,2,2,,,,"","",,,,
2011-04-11,2,2,2,,,,"","",,,,
2011-04-12,1,1,1,,,,"","",,,,
2011-04-13,1,1,1,,,,"","",,,,
2011-04-14,2,2,2,,,,"","",,,,
2011-04-15,2,2,2,,,,"","",,,,
2011-04-16,2,2,2,,,,"","",,,,
2011-04-17,,,,,,,"","",,,,
2011-04-21,,,,,,,"","",,,,
2011-04-23,,,,,,,"","",,,,
2011-04-28,,,,,,,"","",,,,
2011-05-01,,,,,,,"","",,,,
2011-06-06,,,,,,,"","",,,,
2011-10-25,,,,,,,"","",,,,
2011-10-28,,,,,,,"","",,,,
2011-11-02,,,,,,,"","",,,,
2011-11-05,,,,,,,"","",,,,
2011-11-09,,,,,,,"","",,,,
2011-11-12,2,2,2,,,,"","",,,,
2011-11-13,2,2,2,,,,"","",,,,
2011-11-14,,,,,,,"","",,,,
2011-11-16,,,,,,,"","",,,,
2011-11-18,1,1,1,,,,"","",,,,
2011-11-19,1,1,1,,,,"","",,,,
2011-11-20,1,1,1,,,,"","",,,,
2011-11-21,,,,,,,"","",,,,
2011-11-23,2,2,2,,,,"","",,,,
2011-11-24,1,1,1,,,,"","",,,,
2011-11-25,1,1,1,,,,"","",,,,
2011-11-26,2,2,2,,,,"","",,,,
2011-11-27,2,2,2,,,,"","",,,,
2011-11-28,,,,,,,"","",,,,
2011-11-30,2,2,2,,,,"","",,,,
2011-12-01,,,,,,,"","",,,,
2011-12-02,2,2,2,,,,"","",,,,
2011-12-03,3,3,3,,,,"","",,,,
2011-12-04,4,4,4,,,,"","",,,,
2011-12-05,3,3,3,,,,"","",,,,
2011-12-07,2,2,2,,,,"","",,,,
2011-12-09,2,2,2,,,,"","",,,,
2011-12-10,2,2,2,,,,"","",,,,
2011-12-11,3,3,3,,,,"","",,,,
2011-12-12,3,3,3,,,,"","",,,,
2011-12-14,2,2,2,,,,"","",,,,
2011-12-16,2,2,2,,,,"","",,,,
2011-12-17,2,2,2,,,,"","",,,,
2011-12-18,3,3,3,,,,"","",,,,
2011-12-19,3,3,3,,,,"","",,,,
2011-12-21,3,3,3,,,,"","",,,,
2011-12-22,2,2,2,,,,"","",,,,
2011-12-23,2,2,2,,,,"","",,,,
2011-12-24,1,1,1,,,,"","",,,,
2011-12-25,2,2,2,,,,"","",,,,
2011-12-26,2,2,2,,,,"","",,,,
2011-12-27,2,2,2,,,,"","",,,,
2011-12-28,2,2,2,,,,"","",,,,
2011-12-29,2,2,2,,,,"","",,,,
2011-12-30,1,1,1,,,,"","",,,,
2011-12-31,1,1,1,,,,"","",,,,
2012-01-01,1,1,1,,,,"","",,,,
2012-01-02,1,1,1,,,,"","",,,,
2012-01-03,1,1,1,,,,"","",,,,
2012-01-04,1,1,1,,,,"","",,,,
2012-01-05,2,2,2,,,,"","",,,,
2012-01-06,2,2,2,,,,"","",,,,
2012-01-07,2,2,2,,,,"","",,,,
2012-01-08,3,3,3,,,,"","",,,,
2012-01-09,2,2,2,,,,"","",,,,
2012-01-10,3,3,3,,,,"","",,,,
2012-01-11,3,3,3,,,,"","",,,,
2012-01-12,3,3,3,,,,"","",,,,
2012-01-13,2,2,2,,,,"","",,,,
2012-01-14,2,2,2,,,,"","",,,,
2012-01-15,2,2,2,,,,"","",,,,
2012-01-16,2,2,2,,,,"","",,,,
2012-01-17,1,1,1,,,,"","",,,,
2012-01-18,1,1,1,,,,"","",,,,
2012-01-19,1,1,1,,,,"","",,,,
2012-01-20,1,1,1,,,,"","",,,,
2012-01-21,1,1,1,,,,"","",,,,
2012-01-22,3,3,3,,,,"","",,,,
2012-01-23,3,3,3,,,,"","",,,,
2012-01-24,2,2,2,,,,"","",,,,
2012-01-25,2,2,2,,,,"","",,,,
2012-01-26,2,2,2,,,,"","",,,,
2012-01-27,2,2,2,,,,"","",,,,
2012-01-28,1,1,1,,,,"","",,,,
2012-01-29,1,1,1,,,,"","",,,,
2012-01-31,1,1,1,,,,"","",,,,
2012-02-01,4,4,4,,,,"","",,,,
2012-02-02,3,3,3,,,,"","",,,,
2012-02-03,3,3,3,,,,"","",,,,
2012-02-04,3,3,3,,,,"","",,,,
2012-02-05,3,3,3,,,,"","",,,,
2012-02-06,3,3,3,,,,"","",,,,
2012-02-07,2,2,2,,,,"","",,,,
2012-02-08,3,3,3,,,,"","",,,,
2012-02-09,3,3,3,,,,"","",,,,
2012-02-10,3,3,3,,,,"","",,,,
2012-02-11,3,3,3,,,,"","",,,,
2012-02-12,3,3,3,,,,"","",,,,
2012-02-13,4,4,4,,,,"","",,,,
2012-02-14,3,3,3,,,,"","",,,,
2012-02-15,3,3,3,,,,"","",,,,
2012-02-16,3,3,3,,,,"","",,,,
2012-02-18,2,2,2,,,,"","",,,,
2012-02-19,2,2,2,,,,"","",,,,
2012-02-20,3,3,3,,,,"","",,,,
2012-02-21,2,2,2,,,,"","",,,,
2012-02-22,2,2,2,,,,"","",,,,
2012-02-23,1,1,1,,,,"","",,,,
2012-02-24,1,1,1,,,,"","",,,,
2012-02-25,1,1,1,,,,"","",,,,
2012-02-26,3,3,3,,,,"","",,,,
2012-02-27,3,3,3,,,,"","",,,,
2012-02-28,2,2,2,,,,"","",,,,
2012-02-29,1,1,1,,,,"","",,,,
2012-03-01,3,3,3,,,,"","",,,,
2012-03-02,2,2,2,,,,"","",,,,
2012-03-03,2,2,2,,,,"","",,,,
2012-03-04,1,1,1,,,,"","",,,,
2012-03-05,2,2,2,,,,"","",,,,
2012-03-06,2,2,2,,,,"","",,,,
2012-03-07,1,1,1,,,,"","",,,,
2012-03-08,1,1,1,,,,"","",,,,
2012-03-09,1,1,1,,,,"","",,,,
2012-03-10,1,1,1,,,,"","",,,,
2012-03-11,1,1,1,,,,"","",,,,
2012-03-12,1,1,1,,,,"","",,,,
2012-03-13,1,1,1,,,,"","",,,,
2012-03-14,3,3,3,,,,"","",,,,
2012-03-15,3,3,3,,,,"","",,,,
2012-03-16,2,2,2,,,,"","",,,,
2012-03-17,2,2,2,,,,"","",,,,
2012-03-18,2,2,2,,,,"","",,,,
2012-03-19,2,2,2,,,,"","",,,,
2012-03-20,2,2,2,,,,"","",,,,
2012-03-21,2,2,2,,,,"","",,,,
2012-03-22,2,2,2,,,,"","",,,,
2012-03-23,2,2,2,,,,"","",,,,
2012-03-24,2,2,2,,,,"","",,,,
2012-03-25,2,2,2,,,,"","",,,,
2012-03-26,2,2,2,,,,"","",,,,
2012-03-27,2,2,2,,,,"","",,,,
2012-03-28,2,2,2,,,,"","",,,,
2012-03-29,2,2,2,,,,"","",,,,
2012-03-30,2,2,2,,,,"","",,,,
2012-03-31,2,2,2,,,,"","",,,,
2012-04-01,2,2,2,,,,"","",,,,
2012-04-02,2,2,2,,,,"","",,,,
2012-04-03,2,2,2,,,,"","",,,,
2012-04-04,2,2,2,,,,"","",,,,
2012-04-05,2,2,2,,,,"","",,,,
2012-04-06,2,2,2,,,,"","",,,,
2012-04-07,2,2,2,,,,"","",,,,
2012-04-08,2,2,2,,,,"","",,,,
2012-04-09,2,2,2,,,,"","",,,,
2012-04-10,2,2,2,,,,"","",,,,
2012-04-11,2,2,2,,,,"","",,,,
2012-04-12,2,2,2,,,,"","",,,,
2012-04-13,3,3,3,,,,"","",,,,
2012-04-14,3,3,3,,,,"","",,,,
2012-04-15,3,3,3,,,,"","",,,,
2012-04-18,3,3,3,,,,"","",,,,
2012-04-21,2,2,2,,,,"","",,,,
2012-04-25,2,2,2,,,,"","",,,,
2012-04-28,2,2,2,,,,"","",,,,
2012-10-22,,,,,,,"","",,,,
2012-10-30,,,,,,,"","",,,,
2012-11-02,,,,,,,"","",,,,
2012-11-06,,,,,,,"","",,,,
2012-11-09,,,,,,,"","",,,,
2012-11-12,,,,,,,"","",,,,
2012-11-14,,,,,,,"","",,,,
2012-11-17,3,2,2,,,,"PS","",,,,
2012-11-18,3,2,2,,,,"PS","WdS",,,,
2012-11-20,3,2,2,,,,"PS","",,,,
2012-11-22,3,2,2,,,,"PS","WdS",,,,
2012-11-23,3,1,1,,,,"PS","",,,,
2012-11-24,2,1,1,,,,"PS","",,,,
2012-11-25,2,1,1,,,,"PS","",,,,
2012-11-27,2,1,1,,,,"PS","",,,,
2012-11-29,2,1,1,,,,"PS","WdS",,,,
2012-11-30,2,1,1,,,,"WdS","PS",,,,
2012-12-01,2,1,1,,,,"PS","",,,,
2012-12-02,2,1,1,,,,"PS","",,,,
2012-12-04,2,1,1,,,,"PS","",,,,
2012-12-05,2,1,1,,,,"PS","",,,,
2012-12-06,2,1,1,,,,"WdS","DL",,,,
2012-12-07,2,1,1,,,,"WdS","",,,,
2012-12-08,3,2,2,,,,"SS","PS",,,,
2012-12-09,3,3,3,,,,"WdS","SS",,,,
2012-12-10,3,2,2,,,,"WdS","SS",,,,
2012-12-11,2,1,1,,,,"WdS","",,,,
2012-12-12,3,2,2,,,,"WdS","SS",,,,
2012-12-13,3,2,2,,,,"WdS","DL",,,,
2012-12-14,3,2,2,,,,"WdS","PS",,,,
2012-12-15,2,2,2,,,,"WdS","PS",,,,
2012-12-16,2,1,1,,,,"WdS","PS",,,,
2012-12-17,2,1,1,,,,"PS","WdS",,,,
2012-12-18,2,1,1,,,,"PS","WdS",,,,
2012-12-19,2,1,1,,,,"PS","WdS",,,,
2012-12-20,2,1,1,,,,"PS","",,,,
2012-12-21,2,1,1,,,,"PS","",,,,
2012-12-22,2,1,1,,,,"PS","",,,,
2012-12-23,2,1,1,,,,"PS","",,,,
2012-12-24,3,3,3,,,,"WdS","SS",,,,
2012-12-25,4,4,4,,,,"WdS","SS",,,,
2012-12-26,4,4,4,,,,"WdS","SS",,,,
2012-12-27,4,4,4,,,,"SS","WdS",,,,
2012-12-28,4,3,3,,,,"SS","DS",,,,
2012-12-29,4,4,4,,,,"WdS","DS",,,,
2012-12-30,4,4,4,,,,"WL","DS",,,,
2012-12-31,4,4,4,,,,"DS","WL",,,,
2013-01-01,4,4,4,,,,"SS","DS",,,,
2013-01-02,3,3,3,,,,"DS","WdS",,,,
2013-01-03,4,3,3,,,,"DS","WdS",,,,
2013-01-04,4,3,3,,,,"DS","SS",,,,
2013-01-05,3,2,2,,,,"DS","WdS",,,,
2013-01-06,3,2,2,,,,"DS","WdS",,,,
2013-01-07,3,3,3,,,,"DS","WdS",,,,
2013-01-08,3,2,2,,,,"DS","WdS",,,,
2013-01-09,3,2,2,,,,"DS","WdS",,,,
2013-01-10,3,2,2,,,,"DS","WdS",,,,
2013-01-11,3,2,2,,,,"DS","WdS",,,,
2013-01-12,3,2,2,,,,"DS","WdS",,,,
2013-01-13,4,4,4,,,,"DS","WL",,,,
2013-01-14,3,2,2,,,,"DS","SS",,,,
2013-01-15,3,2,2,,,,"DS","WdS",,,,
2013-01-16,2,1,1,,,,"DS","WdS",,,,
2013-01-17,2,1,1,,,,"DS","",,,,
2013-01-18,2,1,1,,,,"DS","WdS",,,,
2013-01-19,2,1,1,,,,"DS","WdS",,,,
2013-01-20,3,2,2,,,,"SS","DS",,,,
2013-01-21,2,2,2,,,,"WdS","DS",,,,
2013-01-22,2,2,2,,,,"WL","DS",,,,
2013-01-23,2,2,2,,,,"WL","DS",,,,
2013-01-24,2,1,1,,,,"WdS","DS",,,,
2013-01-25,2,1,1,,,,"WdS","DS",,,,
2013-01-26,2,1,1,,,,"WdS","DS",,,,
2013-01-27,2,1,1,,,,"WdS","DS",,,,
2013-01-28,2,1,1,,,,"WdS","DS",,,,
2013-01-29,2,1,1,,,,"WdS","DS",,,,
2013-01-30,2,1,1,,,,"WdS","DS",,,,
2013-01-31,2,1,1,,,,"WdS","DS",,,,
2013-02-01,2,1,1,,,,"WdS","DS",,,,
2013-02-02,2,1,1,,,,"WdS","DS",,,,
2013-02-03,2,1,1,,,,"WdS","DS",,,,
2013-02-04,2,1,1,,,,"WdS","DS",,,,
2013-02-05,2,1,1,,,,"WdS","DS",,,,
2013-02-06,2,1,1,,,,"WdS","",,,,
2013-02-07,3,2,2,,,,"WdS","DL",,,,
2013-02-08,3,2,2,,,,"WdS","DS",,,,
2013-02-09,4,3,3,,,,"WdS","DS",,,,
2013-02-10,3,2,2,,,,"WdS","C",,,,
2013-02-11,2,1,1,,,,"WdS","C",,,,
2013-02-12,2,1,1,,,,"WdS","DL",,,,
2013-02-13,2,1,1,,,,"PS","WdS",,,,
2013-02-14,3,2,2,,,,"SS","PS",,,,
2013-02-15,3,2,2,,,,"WdS","SS",,,,
2013-02-16,2,1,1,,,,"SS","PS",,,,
2013-02-17,3,2,2,,,,"SS","PS",,,,
2013-02-18,2,1,1,,,,"DL","PS",,,,
2013-02-19,2,1,1,,,,"WdS","PS",,,,
2013-02-20,3,2,2,,,,"SS","PS",,,,
2013-02-21,2,2,2,,,,"SS","PS",,,,
2013-02-22,2,1,1,,,,"DL","PS",,,,
2013-02-23,3,2,2,,,,"SS","PS",,,,
2013-02-24,2,2,2,,,,"WdS","PS",,,,
2013-02-25,2,2,2,,,,"WdS","PS",,,,
2013-02-26,2,2,2,,,,"SS","PS",,,,
2013-02-27,3,3,3,,,,"SS","PS",,,,
2013-02-28,3,3,3,,,,"SS","PS",,,,
2013-03-01,2,2,2,,,,"SS","PS",,,,
2013-03-02,2,2,2,,,,"DL","PS",,,,
2013-03-03,2,2,2,,,,"WdS","PS",,,,
2013-03-04,2,2,2,,,,"WdS","PS",,,,
2013-03-05,2,2,2,,,,"C","DL",,,,
2013-03-06,1,1,1,,,,"C","DL",,,,
2013-03-07,2,1,1,,,,"WdS","SS",,,,
2013-03-08,3,2,2,,,,"WdS","C",,,,
2013-03-09,2,2,2,,,,"SS","WdS",,"",,
2013-03-10,2,1,1,,,,"WdS","C",,,,
2013-03-11,2,1,1,,,,"C","DL",,,,
2013-03-12,2,1,1,,,,"C","DL",,,,
2013-03-13,1,1,1,,,,"C","WdS",,,,
2013-03-14,2,2,2,,,,"WdS","C",,,,
2013-03-15,2,1,1,,,,"WdS","DL",,,,
2013-03-16,1,1,1,,,,"WdS","WL",,,,
2013-03-17,1,1,1,,,,"","",,,,
2013-03-18,1,1,1,,,,"","",,,,
2013-03-19,1,1,1,,,,"","",,,,
2013-03-20,1,1,1,,,,"C","WdS",,,,
2013-03-21,2,1,1,,,,"WdS","C",,,,
2013-03-22,2,1,1,,,,"WdS","C",,,,
2013-03-23,2,1,1,,,,"WdS","DL",,,,
2013-03-24,2,2,2,,,,"WdS","SS",,,,
2013-03-25,3,2,2,,,,"DL","WdS",,,,
2013-03-26,3,2,2,,,,"WdS","DL",,,,
2013-03-27,2,1,1,,,,"WdS","PS",,,,
2013-03-28,2,1,1,,,,"WdS","C",,,,
2013-03-29,2,2,2,,,,"WdS","DL",,,,
2013-03-30,2,1,1,,,,"WdS","DL",,,,
2013-03-31,2,1,1,,,,"WdS","DL",,,,
2013-04-01,2,2,2,,,,"WL","C",,,,
2013-04-02,2,2,2,,,,"WL","C",,,,
2013-04-03,2,2,2,,,,"WL","C",,,,
2013-04-04,2,2,2,,,,"WL","C",,,,
2013-04-05,2,2,2,,,,"WL","C",,,,
2013-04-06,2,1,1,,,,"WdS","",,,,
2013-04-07,1,1,1,,,,"","",,,,
2013-04-08,2,2,2,,,,"SS","",,,,
2013-04-09,2,2,2,,,,"DL","WdS",,,,
2013-04-10,2,1,1,,,,"DL","WdS",,,,
2013-04-11,2,1,1,,,,"WdS","DL",,,,
2013-04-12,2,1,1,,,,"WdS","DL",,,,
2013-04-13,2,1,1,,,,"WdS","DL",,,,
2013-04-14,2,1,1,,,,"WdS","WL",,"DL",,
2013-04-15,2,2,2,,,,"PS","WL",,"DL",,
2013-04-16,2,1,1,,,,"PS","DL",,"C",,
2013-04-18,2,1,1,,,,"PS","DL",,"WL",,
2013-04-20,1,1,1,,,,"PS","C",,"WL",,
2013-04-21,1,1,1,,,,"WdS","DL",,"",,
2013-04-23,2,2,2,,,,"WL","WdS",,"C",,
2013-04-25,2,2,2,,,,"WL","WdS",,"C",,
2013-04-27,2,2,2,,,,"WdS","WL",,"C",,
2013-04-28,2,2,2,,,,"WdS","WL",,"",,
2013-04-30,,,,,,,"WL","",,"",,
2013-05-01,,,,,,,"WL","",,"",,
2013-11-05,,,,,,,"","",,"",,
2013-11-09,,,,,,,"","",,"",,
2013-11-11,,,,,,,"","",,"",,
2013-11-13,,,,,,,"","",,"",,
2013-11-17,,,,,,,"WdS","",,"",,
2013-11-20,,,,,,,"WdS","",,"",,
2013-11-21,,,,,,,"","",,"",,
2013-11-22,3,2,2,,,,"SS","WdS",,"",,
2013-11-23,2,2,2,,,,"SS","WdS",,"",,
2013-11-24,2,1,1,,,,"PS","WdS",,"",,
2013-11-26,2,1,1,,,,"PS","",,"",,
2013-11-28,2,1,1,,,,"PS","",,"",,
2013-11-29,2,1,1,,,,"WdS","",,"",,
2013-11-30,1,1,1,,,,"WdS","",,"",,
2013-12-01,1,1,1,,,,"","",,"",,
2013-12-03,1,1,1,,,,"","",,"",,
2013-12-04,1,1,1,,,,"","",,"",,
2013-12-05,1,1,1,,,,"WdS","",,"",,
2013-12-06,1,1,1,,,,"","",,"",,
2013-12-07,1,1,1,,,,"","PS",,"",,
2013-12-08,1,1,1,,,,"WL","",,"",,
2013-12-09,1,1,1,,,,"","",,"",,
2013-12-11,1,1,1,,,,"","",,"",,
2013-12-12,1,1,1,,,,"","",,"",,
2013-12-13,2,1,1,,,,"SS","",,"",,
2013-12-14,2,2,2,,,,"WdS","DL",,"",,
2013-12-15,2,2,2,,,,"WdS","DL",,"",,
2013-12-16,2,2,2,,,,"PS","DL",,"",,
2013-12-17,2,2,2,,,,"PS","WdS",,"",,
2013-12-18,2,2,2,,,,"PS","WdS",,"",,
2013-12-19,3,2,2,,,,"SS","PS",,"",,
2013-12-20,2,2,2,,,,"PS","",,"",,
2013-12-21,2,2,2,,,,"PS","",,"",,
2013-12-22,2,2,2,,,,"PS","WdS",,"",,
2013-12-23,2,2,2,,,,"PS","WdS",,"",,
2013-12-24,2,2,2,,,,"PS","WdS",,"",,
2013-12-25,2,1,1,,,,"PS","WdS",,"",,
2013-12-26,2,1,1,,,,"PS","WdS",,"",,
2013-12-27,2,1,1,,,,"PS","WdS",,"",,
2013-12-28,2,2,2,,,,"PS","WdS",,"",,
2013-12-29,2,1,1,,,,"PS","",,"",,
2013-12-30,2,1,1,,,,"PS","",,"",,
2013-12-31,2,1,1,,,,"PS","WdS",,"",,
2014-01-01,3,3,3,,,,"WdS","PS",,"",,
2014-01-02,2,2,2,,,,"WdS","PS",,"",,
2014-01-03,2,1,1,,,,"PS","",,"",,
2014-01-04,3,2,2,,,,"PS","SS",,"",,
2014-01-05,4,3,3,,,,"PS","SS",,"",,
2014-01-06,3,3,3,,,,"PS","WdS",,"",,
2014-01-07,3,2,2,,,,"PS","",,"",,
2014-01-08,3,2,2,,,,"PS","",,"",,
2014-01-09,3,2,2,,,,"PS","",,"",,
2014-01-10,3,2,2,,,,"PS","",,"",,
2014-01-11,3,2,2,,,,"PS","",,"",,
2014-01-12,3,2,2,,,,"PS","",,"",,
2014-01-13,2,2,2,,,,"PS","",,"",,
2014-01-14,3,2,2,,,,"SS","PS",,"",,
2014-01-15,3,2,2,,,,"SS","PS",,"",,
2014-01-16,3,2,2,,,,"SS","PS",,"",,
2014-01-17,4,4,4,,,,"WL","SS",,"PS",,
2014-01-18,3,3,3,,,,"WL","PS",,"SS",,
2014-01-19,3,3,3,,,,"DS","WL",,"",,
2014-01-20,3,3,3,,,,"WdS","DS",,"WL",,
2014-01-21,3,3,3,,,,"WL","DS",,"SS",,
2014-01-22,3,3,3,,,,"WL","DS",,"SS",,
2014-01-23,4,4,4,,,,"WL","DS",,"SS",,
2014-01-24,4,4,4,,,,"WL","DS",,"C",,
2014-01-25,3,3,3,,,,"WL","DS",,"",,
2014-01-26,4,4,4,,,,"WL","DS",,"C",,
2014-01-27,4,4,4,,,,"WL","DS",,"C",,
2014-01-28,3,3,3,,,,"WL","DS",,"",,
2014-01-29,3,3,3,,,,"WL","DS",,"",,
2014-01-30,2,2,2,,,,"DS","WL",,"",,
2014-01-31,2,2,2,,,,"DS","WdS",,"WL",,
2014-02-01,2,1,1,,,,"DS","WdS",,"",,
2014-02-02,2,1,1,,,,"DS","WdS",,"",,
2014-02-03,2,1,1,,,,"DS","PS",,"",,
2014-02-04,2,1,1,,,,"DS","WdS",,"",,
2014-02-05,2,1,1,,,,"PS","DS",,"",,
2014-02-06,2,1,1,,,,"PS","DS",,"",,
2014-02-07,2,2,2,,,,"WdS","PS",,"DS",,
2014-02-08,3,2,2,,,,"WdS","DS",,"",,
2014-02-09,3,2,2,,,,"PS","DS",,"",,
2014-02-10,2,2,2,,,,"PS","DS",,"",,
2014-02-11,2,1,1,,,,"PS","DS",,"",,
2014-02-12,2,1,1,,,,"PS","DL",,"DS",,
2014-02-13,2,1,1,,,,"PS","",,"",,
2014-02-14,3,2,2,,,,"PS","WdS",,"",,
2014-02-15,3,2,2,,,,"SS","PS",,"",,
2014-02-16,2,2,2,,,,"PS","WdS",,"C",,
2014-02-17,3,2,2,,,,"PS","SS",,"C",,
2014-02-18,4,3,3,,,,"SS","PS",,"",,
2014-02-19,3,3,3,,,,"PS","SS",,"C",,
2014-02-20,3,2,2,,,,"PS","",,"",,
2014-02-21,2,2,2,,,,"PS","DL",,"",,
2014-02-22,2,2,2,,,,"PS","",,"",,
2014-02-23,3,2,2,,,,"WdS","PS",,"",,
2014-02-24,2,2,2,,,,"WdS","PS",,"",,
2014-02-25,2,2,2,,,,"PS","WdS",,"C",,
2014-02-26,2,2,2,,,,"WL","PS",,"SS",,
2014-02-27,3,3,3,,,,"WL","PS",,"",,
2014-02-28,2,2,2,,,,"WL","C",,"",,
2014-03-01,2,2,2,,,,"WL","C",,"PS",,
2014-03-02,2,1,1,,,,"WL","C",,"PS",,
2014-03-03,1,1,1,,,,"","",,"",,
2014-03-04,1,1,1,,,,"","",,"",,
2014-03-05,1,1,1,,,,"","",,"",,
2014-03-06,1,1,1,,,,"","",,"",,
2014-03-07,1,1,1,,,,"","",,"",,
2014-03-08,1,1,1,,,,"","C",,"",,
2014-03-09,1,1,1,,,,"","",,"",,
2014-03-10,3,3,3,,,,"SS","",,"",,
2014-03-11,4,4,4,,,,"SS","",,"",,
2014-03-12,3,3,3,,,,"SS","WL",,"",,
2014-03-13,4,4,4,,,,"SS","PS",,"",,
2014-03-14,4,4,4,,,,"SS","DS",,"WL",,
2014-03-15,3,3,3,,,,"SS","DS",,"",,
2014-03-16,3,2,2,,,,"DS","WdS",,"",,
2014-03-17,3,2,2,,,,"WdS","DS",,"",,
2014-03-18,2,1,1,,,,"DS","DL",,"",,
2014-03-19,2,1,1,,,,"DS","C",,"DL",,
2014-03-20,2,1,1,,,,"DS","C",,"",,
2014-03-21,2,1,1,,,,"DS","C",,"",,
2014-03-22,2,1,1,,,,"DS","WdS",,"C",,
2014-03-23,1,1,1,,,,"","",,"",,
2014-03-24,1,1,1,,,,"","",,"",,
2014-03-25,1,1,1,,,,"","",,"",,
2014-03-26,1,1,1,,,,"","",,"",,
2014-03-27,1,1,1,,,,"","",,"",,
2014-03-28,1,1,1,,,,"","",,"",,
2014-03-29,1,1,1,,,,"","",,"",,
2014-03-30,1,1,1,,,,"C","",,"",,
2014-03-31,1,1,1,,,,"C","DL",,"",,
2014-04-01,1,1,1,,,,"C","DL",,"",,
2014-04-02,1,1,1,,,,"","",,"",,
2014-04-03,1,1,1,,,,"","",,"",,
2014-04-04,1,1,1,,,,"","",,"",,
2014-04-05,1,1,1,,,,"WdS","C",,"",,
2014-04-06,2,2,2,,,,"WL","C",,"",,
2014-04-07,1,1,1,,,,"WL","C",,"",,
2014-04-08,1,1,1,,,,"WdS","DL",,"",,
2014-04-09,2,1,1,,,,"DL","WdS",,"",,
2014-04-10,1,1,1,,,,"DL","",,"",,
2014-04-11,1,1,1,,,,"","",,"",,
2014-04-12,2,1,1,,,,"WdS","",,"",,
2014-04-13,2,1,1,,,,"WdS","C",,"",,
2014-04-16,2,2,2,,,,"WL","WdS",,"",,
2014-04-17,2,2,2,,,,"WL","C",,"",,
2014-04-18,1,1,1,,,,"","",,"",,
2014-04-19,1,1,1,,,,"","",,"",,
2014-04-20,1,1,1,,,,"","",,"",,
2014-04-23,1,1,1,,,,"","",,"",,
2014-04-24,1,1,1,,,,"","",,"",,
2014-04-25,2,1,1,,,,"WdS","",,"",,
2014-04-26,2,2,2,,,,"WdS","WL",,"",,
2014-04-27,2,2,2,,,,"WL","WdS",,"",,
2014-04-29,,,,,,,"","",,"",,
2014-08-08,4,3,,,,,"PS","WL",,"",,
2014-10-09,,,,,,,"","",,"",,
2014-10-23,,,,,,,"","",,"",,
2014-10-24,,,,,,,"","",,"",,
2014-11-02,,,,,,,"","",,"",,
2014-11-05,,,,,,,"SS","G",,"",,
2014-11-08,,,,,,,"WL","SS",,"",,
2014-11-11,,,,,,,"G","SS",,"",,
2014-11-14,,,,,,,"G","WL",,"",,
2014-11-17,,,,,,,"G","WL",,"",,
2014-11-22,2,2,,,,,"WdS","C",,"G",,
2014-11-25,1,1,,,,,"WdS","G",,"",,
2014-11-27,1,1,,,,,"","",,"",,
2014-11-29,1,1,,,,,"","",,"",,
2014-11-30,1,1,,,,,"","",,"",,
2014-12-02,2,1,,,,,"WdS","",,"",,
2014-12-04,2,1,,,,,"WdS","DL",,"",,
2014-12-05,1,1,,,,,"","",,"",,
2014-12-06,1,1,,,,,"","",,"",,
2014-12-07,2,2,,,,,"WL","WdS",,"G",,
2014-12-09,3,3,,,,,"WL","SS",,"G",,
2014-12-11,2,1,,,,,"WdS","",,"G",,
2014-12-12,1,1,,,,,"","C",,"G",,
2014-12-13,1,1,,,,,"","",,"G",,
2014-12-14,4,3,,,,,"SS","WL",,"",,
2014-12-16,4,3,,,,,"SS","WL",,"",,
2014-12-18,3,2,,,,,"PS","",,"",,
2014-12-19,3,2,,,,,"PS","",,"",,
2014-12-20,3,2,,,,,"PS","WdS",,"",,
2014-12-21,3,2,,,,,"PS","",,"",,
2014-12-22,3,2,,,,,"PS","",,"",,
2014-12-23,2,1,,,,,"PS","",,"",,
2014-12-24,2,1,,,,,"PS","WdS",,"",,
2014-12-25,2,1,,,,,"PS","WdS",,"",,
2014-12-26,2,1,,,,,"PS","WdS",,"",,
2014-12-27,2,1,,,,,"PS","WdS",,"",,
2014-12-28,2,1,,,,,"PS","WdS",,"",,
2014-12-29,3,2,2,,,,"WdS","PS",,"",,
2014-12-30,4,3,2,,,,"WdS","WL",,"PS",,
2014-12-31,3,2,1,,,,"WdS","",,"PS",,
2015-01-01,2,2,,,,,"WdS","PS",,"",,
2015-01-02,2,1,,,,,"WdS","PS",,"",,
2015-01-03,2,1,,,,,"PS","WdS",,"",,
2015-01-04,2,1,,,,,"PS","WdS",,"",,
2015-01-05,2,1,,,,,"PS","",,"WdS",,
2015-01-06,2,1,,,,,"PS","",,"",,
2015-01-07,2,1,,,,,"PS","",,"",,
2015-01-08,2,2,,,,,"WL","PS",,"WdS",,
2015-01-09,2,2,,,,,"WL","WdS",,"PS",,
2015-01-10,1,1,,,,,"","",,"G",,
2015-01-11,1,1,,,,,"","G",,"",,
2015-01-12,1,2,,,,,"G","WL",,"",,
2015-01-13,2,2,,,,,"G","WdS",,"",,
2015-01-14,2,2,,,,,"G","WL",,"WdS",,
2015-01-15,3,2,,,,,"WL","WdS",,"G",,
2015-01-16,2,2,,,,,"WL","WdS",,"G",,
2015-01-17,2,1,,,,,"WdS","G",,"",,
2015-01-18,2,1,,,,,"WdS","G",,"",,
2015-01-19,2,1,,,,,"","",,"",,
2015-01-20,1,1,,,,,"","",,"",,
2015-01-21,1,1,,,,,"","",,"",,
2015-01-22,2,1,,,,,"WdS","C",,"G",,
2015-01-23,2,1,,,,,"SS","",,"",,
2015-01-24,1,1,,,,,"","",,"",,
2015-01-25,1,1,,,,,"","",,"",,
2015-01-26,1,1,,,,,"","",,"",,
2015-01-27,1,1,,,,,"","",,"",,
2015-01-28,2,1,,,,,"WdS","",,"",,
2015-01-29,1,1,,,,,"WdS","",,"",,
2015-01-30,1,1,,,,,"","",,"",,
2015-01-31,1,1,,,,,"","",,"",,
2015-02-01,1,1,,,,,"","",,"",,
2015-02-02,1,1,,,,,"","",,"",,
2015-02-03,1,1,,,,,"","",,"",,
2015-02-04,1,1,,,,,"","",,"",,
2015-02-05,1,1,,,,,"","",,"",,
2015-02-06,1,1,,,,,"WdS","",,"",,
2015-02-07,1,1,,,,,"","",,"",,
2015-02-08,1,1,,,,,"","",,"",,
2015-02-09,2,1,,,,,"WdS","DL",,"",,
2015-02-10,2,1,,,,,"WdS","DL",,"",,
2015-02-11,2,2,,,,,"WdS","SS",,"",,
2015-02-12,2,2,,,,,"PS","DL",,"",,
2015-02-13,2,2,,,,,"PS","",,"WL",,
2015-02-14,3,2,,,,,"WdS","PS",,"WL",,
2015-02-15,3,2,,,,,"PS","WL",,"",,
2015-02-16,4,3,,,,,"SS","PS",,"WL",,
2015-02-17,3,2,,,,,"PS","WL",,"",,
2015-02-18,3,2,,,,,"PS","",,"DL",,
2015-02-19,3,2,,,,,"PS","",,"",,
2015-02-20,3,2,,,,,"PS","WdS",,"",,
2015-02-21,4,3,2,,,,"WdS","PS",,"WL",,
2015-02-22,3,3,2,,,,"PS","WdS",,"",,
2015-02-23,3,3,,,,,"PS","WL",,"",,
2015-02-24,3,3,,,,,"WL","PS",,"",,
2015-02-25,3,2,,,,,"PS","",,"",,
2015-02-26,2,1,,,,,"PS","",,"WL",,
2015-02-27,2,1,,,,,"PS","",,"",,
2015-02-28,2,1,,,,,"PS","SS",,"",,
2015-03-01,2,1,,,,,"PS","DL",,"",,
2015-03-02,2,1,,,,,"PS","WdS",,"",,
2015-03-03,2,1,,,,,"PS","WdS",,"",,
2015-03-04,2,1,,,,,"PS","",,"",,
2015-03-05,2,1,,,,,"PS","",,"",,
2015-03-06,2,1,,,,,"PS","",,"",,
2015-03-07,2,1,,,,,"SS","PS",,"",,
2015-03-08,2,2,,,,,"WdS","DL",,"",,
2015-03-09,2,1,,,,,"WdS","DL",,"",,
2015-03-10,2,1,,,,,"WdS","DL",,"",,
2015-03-11,2,1,,,,,"WdS","",,"DL",,
2015-03-12,1,1,,,,,"WdS","DL",,"",,
2015-03-13,1,1,,,,,"","",,"",,
2015-03-14,1,1,,,,,"","",,"",,
2015-03-15,1,1,,,,,"","",,"",,
2015-03-16,4,3,2,,,,"SS","","","",,
2015-03-17,3,3,,,,,"SS","",,"",,
2015-03-18,3,3,,,,,"PS","SS",,"",,
2015-03-19,3,3,,,,,"PS","WdS",,"",,
2015-03-20,3,2,,,,,"PS","WdS",,"WL",,
2015-03-21,2,2,,,,,"PS","WL",,"C",,
2015-03-22,2,2,,,,,"PS","C",,"WL",,
2015-03-23,2,2,,,,,"PS","WL",,"C",,
2015-03-24,1,1,,,,,"WdS","PS",,"",,
2015-03-25,1,1,,,,,"WdS","PS",,"",,
2015-03-26,2,2,,,,,"WdS","WL",,"C",,
2015-03-27,2,2,,,,,"WdS","WL",,"",,
2015-03-28,2,2,,,,,"WdS","DL",,"C",,
2015-03-29,2,2,,,,,"WdS","WL",,"C",,
2015-03-30,2,2,,,,,"SS","WL",,"C",,
2015-03-31,2,1,,,,,"DL","C",,"",,
2015-04-01,2,1,,,,,"PS","C",,"",,
2015-04-02,2,1,,,,,"PS","C",,"DL",,
2015-04-03,3,1,,,,,"PS","WL",,"C",,
2015-04-04,3,2,2,,,,"PS","WL",,"C",,
2015-04-05,2,1,,,,,"PS","SS",,"C",,
2015-04-06,2,1,,,,,"WdS","PS",,"DL",,
2015-04-07,3,2,,,,,"SS","PS",,"",,
2015-04-08,3,2,,,,,"SS","PS",,"",,
2015-04-09,3,2,,,,,"SS","PS",,"",,
2015-04-10,3,2,,,,,"SS","DS",,"DL",,
2015-04-11,2,2,,,,,"PS","WL",,"DS",,
2015-04-12,2,2,,,,,"PS","DS",,"WdS",,
2015-04-14,2,2,,,,,"SS","PS",,"",,
2015-04-15,3,3,,,,,"WdS","",,"",,
2015-04-16,2,2,,,,,"SS","DL",,"",,
2015-04-17,3,3,,,,,"WdS","WL",,"",,
2015-04-18,4,4,2,,,,"DS","SS",,"",,
2015-04-19,4,4,3,,,,"SS","",,"",,
2015-04-21,2,2,,,,,"","",,"",,
2015-04-23,2,2,,,,,"WL","WdS",,"",,
2015-04-24,2,2,,,,,"WL","WdS",,"",,
2015-04-25,1,1,,,,,"","",,"",,
2015-04-26,2,2,,,,,"WL","",,"",,
2015-04-28,2,1,,,,,"WL","",,"",,
2015-04-29,,,,,,,"","",,"",,
2015-09-18,,,,,,,"","",,"",,
2015-11-01,,,,,,,"","",,"",,
2015-11-06,,,,,,,"","",,"",,
2015-11-09,,,,,,,"","",,"",,
2015-11-12,,,,,,,"","",,"",,
2015-11-17,,,,,,,"","",,"",,
2015-11-21,,,,,,,"","",,"G",,
2015-11-22,,,,,,,"WdS","",,"",,
2015-11-24,,,,,,,"WL","SS",,"G",,
2015-11-26,4,4,2,,,,"SS","",,"G",,
2015-11-27,4,4,2,,,,"WL","SS",,"G",,
2015-11-28,3,3,,,,,"WL","WdS",,"PS",,
2015-11-29,2,2,,,,,"WdS","WL",,"",,
2015-11-30,2,1,,,,,"WdS","",,"",,
2015-12-01,2,1,,,,,"WdS","",,"",,
2015-12-02,2,1,,,,,"","",,"PS",,
2015-12-03,2,1,,,,,"PS","",,"",,
2015-12-04,2,1,,,,,"DL","",,"PS",,
2015-12-05,2,1,1,,,,"PS","",,"",,
2015-12-06,1,1,1,,,,"PS","",,"",,
2015-12-07,1,1,1,,,,"","",,"PS",,
2015-12-08,1,1,1,,,,"","PS",,"",,
2015-12-09,2,1,1,,,,"WdS","",,"",,
2015-12-10,3,3,2,,,,"SS","",,"",,
2015-12-11,3,3,2,,,,"WdS","PS",,"",,
2015-12-12,3,2,2,,,,"WdS","PS",,"",,
2015-12-13,3,3,2,,,,"PS","WdS",,"",,
2015-12-14,3,2,2,,,,"SS","PS",,"",,
2015-12-15,2,2,2,,,,"SS","PS",,"",,
2015-12-16,2,2,2,,,,"SS","",,"PS",,
2015-12-17,3,3,3,,,,"SS","",,"PS",,
2015-12-18,3,3,2,,,,"SS","PS",,"",,
2015-12-19,4,4,2,,,,"SS","",,"PS",,
2015-12-20,3,3,2,,,,"WdS","",,"PS",,
2015-12-21,2,2,1,,,,"WdS","",,"C",,
2015-12-22,2,2,1,,,,"WdS","DL",,"C",,
2015-12-23,2,2,1,,,,"PS","",,"",,
2015-12-24,2,2,1,,,,"PS","DL",,"C",,
2015-12-25,3,3,3,,,,"SS","PS",,"C",,
2015-12-26,4,3,2,,,,"SS","C",,"",,
2015-12-27,3,2,2,,,,"SS","C",,"",,
2015-12-28,4,4,2,,,,"SS","DS",,"",,
2015-12-29,3,3,2,,,,"WdS","C",,"PS",,
2015-12-30,4,4,2,,,,"SS","DS",,"",,
2015-12-31,3,3,2,,,,"SS","DS",,"",,
2016-01-01,3,3,2,,,,"SS","DS",,"",,
2016-01-02,4,3,2,,,,"SS","DS",,"",,
2016-01-03,4,3,2,,,,"SS","DS",,"",,
2016-01-04,4,3,2,,,,"SS","WL",,"DS",,
2016-01-05,3,3,2,,,,"SS","DS",,"",,
2016-01-06,2,2,1,,,,"WdS","C",,"DS",,
2016-01-07,2,2,1,,,,"WdS","C",,"DS",,
2016-01-08,2,2,1,,,,"WdS","C",,"G",,
2016-01-09,3,3,2,,,,"SS","WL",,"G",,
2016-01-10,3,2,2,,,,"SS","G",,"C",,
2016-01-11,3,2,1,,,,"WdS","C",,"G",,
2016-01-12,2,2,1,,,,"G","C",,"WdS",,
2016-01-13,2,2,1,,,,"G","C",,"WdS",,
2016-01-14,2,2,1,,,,"G","C",,"WdS",,
2016-01-15,1,1,1,,,,"","G",,"C",,
2016-01-16,2,2,1,,,,"G","WdS",,"",,
2016-01-17,2,2,1,,,,"SS","G",,"",,
2016-01-18,2,2,1,,,,"WdS","G",,"",,
2016-01-19,2,2,1,,,,"WdS","G",,"",,
2016-01-20,2,2,1,,,,"WdS","G",,"",,
2016-01-21,2,2,1,,,,"WdS","DL",,"G",,
2016-01-22,2,2,1,,,,"WdS","DL",,"G",,
2016-01-23,2,2,1,,,,"G","WdS",,"",,
2016-01-24,3,3,1,,,,"WdS","G",,"",,
2016-01-25,2,2,1,,,,"WdS","G",,"",,
2016-01-26,2,2,1,,,,"WdS","G",,"",,
2016-01-27,3,3,2,,,,"SS","G",,"",,
2016-01-28,4,3,2,,,,"SS","WL",,"G",,
2016-01-29,3,2,1,,,,"SS","WL",,"G",,
2016-01-30,2,2,1,,,,"WdS","G",,"DL",,
2016-01-31,2,2,1,,,,"C","G",,"DL",,
2016-02-01,2,2,,,,,"C","G",,"PS",,
2016-02-02,2,2,,,,,"C","DL",,"G",,
2016-02-03,2,2,1,,,,"SS","G",,"",,
2016-02-04,4,3,2,,,,"SS","G",,"",,
2016-02-05,4,4,2,,,,"SS","WL",,"G",,
2016-02-06,3,3,,,,,"SS","G",,"C",,
2016-02-07,2,2,,,,,"WdS","PS",,"G",,
2016-02-08,2,2,,,,,"WdS","G",,"PS",,
2016-02-09,2,2,,,,,"WdS","G",,"PS",,
2016-02-10,2,2,,,,,"C","G",,"PS",,
2016-02-11,2,2,,,,,"WtS","WdS",,"PS",,
2016-02-12,3,3,2,,,,"G","WL",,"SS",,
2016-02-13,3,3,2,,,,"G","WL",,"SS",,
2016-02-14,2,2,,,,,"G","WdS",,"WL",,
2016-02-15,2,2,,,,,"WdS","G",,"WL",,
2016-02-16,2,2,,,,,"WdS","C",,"G",,
2016-02-17,2,2,,,,,"WdS","C",,"G",,
2016-02-18,2,2,,,,,"WdS","C",,"G",,
2016-02-19,2,2,,,,,"C","G",,"",,
2016-02-20,2,2,,,,,"WdS","",,"G",,
2016-02-21,4,4,2,,,,"SS","C",,"G",,
2016-02-22,4,4,2,,,,"SS","C",,"G",,
2016-02-23,3,2,,,,,"WdS","C",,"G",,
2016-02-24,4,4,2,,,,"SS","WL",,"G",,
2016-02-25,4,4,2,,,,"SS","G",,"",,
2016-02-26,3,3,2,,,,"SS","WL",,"G",,
2016-02-27,3,3,2,,,,"SS","G",,"WL",,
2016-02-28,4,4,2,,,,"WL","SS",,"G",,
2016-02-29,3,3,2,,,,"SS","G",,"WL",,
2016-03-01,3,3,2,,,,"SS","G",,"",,
2016-03-02,2,2,,,,,"WdS","C",,"G",,
2016-03-03,2,2,,,,,"C","WdS",,"G",,
2016-03-04,2,2,,,,,"G","C",,"WdS",,
2016-03-05,2,2,,,,,"WdS","G",,"",,
2016-03-06,2,2,,,,,"DL","G",,"C",,
2016-03-07,2,1,,,,,"WdS","G",,"",,
2016-03-08,2,2,,,,,"G","WdS",,"C",,
2016-03-09,2,2,,,,,"G","WdS",,"C",,
2016-03-10,2,2,,,,,"G","",,"",,
2016-03-11,2,2,,,,,"WdS","G",,"",,
2016-03-12,3,3,,,,,"SS","G",,"",,
2016-03-13,2,2,,,,,"WdS","G",,"",,
2016-03-14,1,2,,,,,"G","",,"",,
2016-03-15,1,2,,,,,"G","",,"",,
2016-03-16,1,2,,,,,"G","",,"",,
2016-03-17,1,2,,,,,"G","",,"",,
2016-03-18,1,2,,,,,"G","",,"",,
2016-03-19,2,2,,,,,"SS","G",,"",,
2016-03-20,3,3,,,,,"SS","G",,"",,
2016-03-21,3,3,,,,,"SS","WL",,"G",,
2016-03-22,2,2,,,,,"WL","G",,"WdS",,
2016-03-23,3,3,,,,,"WL","G",,"WdS",,
2016-03-24,2,3,,,,,"G","WL",,"WdS",,
2016-03-25,2,3,,,,,"G","WL",,"WdS",,
2016-03-26,2,3,,,,,"G","WdS",,"C",,
2016-03-27,1,2,,,,,"G","",,"",,
2016-03-28,3,3,,,,,"WL","G",,"WdS",,
2016-03-29,3,3,,,,,"SS","G",,"C",,
2016-03-30,3,3,,,,,"WL","G",,"C",,
2016-03-31,3,3,,,,,"WL","G",,"C",,
2016-04-01,2,2,,,,,"WL","G",,"C",,
2016-04-02,1,2,,,,,"G","WL",,"C",,
2016-04-03,1,3,,,,,"G","WL",,"C",,
2016-04-04,1,3,,,,,"G","",,"",,
2016-04-05,1,3,,,,,"G","",,"",,
2016-04-06,1,3,,,,,"G","",,"",,
2016-04-07,2,3,,,,,"G","WL",,"WdS",,
2016-04-08,1,3,,,,,"G","WL",,"WdS",,
2016-04-09,3,3,,,,,"WL","G",,"WdS",,
2016-04-10,3,3,,,,,"G","WL",,"SS",,
2016-04-11,2,3,,,,,"","WL",,"WdS",,
2016-04-12,2,3,,,,,"G","WL",,"WdS",,
2016-04-13,2,3,,,,,"G","WL",,"WdS",,
2016-04-14,1,3,,,,,"G","WL",,"",,
2016-04-15,2,3,,,,,"G","WL",,"WdS",,
2016-04-16,1,3,,,,,"G","WL",,"",,
2016-04-17,1,3,,,,,"G","WL",,"",,
2016-04-19,1,3,,,,,"G","WL",,"WdS",,
2016-04-21,1,3,,,,,"G","WL",,"WdS",,
2016-04-23,1,3,,,,,"G","WL",,"",,
2016-04-24,2,3,,,,,"G","WL",,"C",,
2016-04-26,3,3,,,,,"G","WL",,"WdS",,
2016-04-28,2,3,,,,,"G","WL",,"WdS",,
2016-04-30,3,3,,,,,"G","WL",,"SS",,
2016-05-02,,,,,,,"","",,"",,
2016-09-26,,,,,,,"","",,"",,
2016-10-18,,,,,,,"","",,"",,
2016-11-07,,,,,,,"","",,"",,
2016-11-09,,,,,,,"","",,"",,
2016-11-11,,,,,,,"","",,"",,
2016-11-14,,,,,,,"","",,"",,
2016-11-16,,,,,,,"G","",,"",,
2016-11-19,3,2,,,,,"PS","G",,"",,
2016-11-20,3,2,,,,,"PS","",,"",,
2016-11-21,3,2,,,,,"PS","WdS",,"",,
2016-11-22,3,2,,,,,"PS","",,"",,
2016-11-23,3,2,,,,,"PS","G",,"",,
2016-11-24,3,2,,,,,"PS","G",,"",,
2016-11-25,3,2,,,,,"PS","G",,"",,
2016-11-26,2,2,,,,,"PS","G",,"",,
2016-11-27,2,2,,,,,"PS","WdS",,"G",,
2016-11-28,2,2,,,,,"PS","WdS",,"G",,
2016-11-29,2,2,,,,,"PS","WdS",,"G",,
2016-11-30,3,2,,,,,"PS","SS",,"G",,
2016-12-01,3,3,,,,,"PS","SS",,"G",,
2016-12-02,2,2,,,,,"WdS","PS",,"G",,
2016-12-03,2,2,,,,,"WdS","PS",,"G",,
2016-12-04,2,1,,,,,"PS","WdS",,"",,
2016-12-05,2,1,,,,,"PS","WdS",,"",,
2016-12-06,2,1,,,,,"WdS","PS",,"",,
2016-12-07,2,1,,,,,"PS","WdS",,"",,
2016-12-08,2,1,,,,,"PS","WdS",,"",,
2016-12-09,2,1,,,,,"PS","WdS",,"",,
2016-12-10,1,1,1,,,,"","PS",,"WdS",,
2016-12-11,1,1,1,,,,"","",,"PS",,
2016-12-12,1,1,1,,,,"","",,"PS",,
2016-12-13,1,1,1,,,,"","",,"",,
2016-12-14,1,1,1,,,,"","",,"",,
2016-12-15,1,1,1,,,,"","",,"",,
2016-12-16,2,1,1,,,,"WdS","DL",,"",,
2016-12-17,2,2,2,,,,"WdS","",,"",,
2016-12-18,3,2,2,,,,"WdS","C",,"",,
2016-12-19,3,3,2,,,,"PS","",,"C",,
2016-12-20,3,2,2,,,,"PS","C",,"DL",,
2016-12-21,2,1,1,,,,"PS","DL",,"C",,
2016-12-22,2,1,1,,,,"WdS","PS",,"C",,
2016-12-23,1,1,1,,,,"DL","PS",,"C",,
2016-12-24,3,3,3,,,,"WdS","SS",,"PS",,
2016-12-25,4,4,3,,,,"SS","",,"",,
2016-12-26,4,4,3,,,,"SS","",,"",,
2016-12-27,3,3,2,,,,"PS","DS",,"C",,
2016-12-28,3,3,1,,,,"PS","DS",,"C",,
2016-12-29,3,2,1,,,,"WdS","PS",,"C",,
2016-12-30,3,2,1,,,,"WdS","PS",,"",,
2016-12-31,3,2,1,,,,"WdS","PS",,"C",,
2017-01-01,2,2,1,,,,"PS","",,"C",,
2017-01-02,2,1,1,,,,"PS","",,"",,
2017-01-03,2,1,1,,,,"PS","",,"",,
2017-01-04,2,1,1,,,,"PS","",,"",,
2017-01-05,2,1,1,,,,"WdS","PS",,"G",,
2017-01-06,2,1,1,,,,"WdS","PS",,"G",,
2017-01-07,2,1,1,,,,"PS","G",,"",,
2017-01-08,2,1,1,,,,"PS","G",,"",,
2017-01-09,1,1,1,,,,"","",,"G",,
2017-01-10,1,1,1,,,,"","",,"G",,
2017-01-11,1,1,1,,,,"","",,"G",,
2017-01-12,1,1,1,,,,"","",,"G",,
2017-01-13,3,2,2,,,,"SS","",,"G",,
2017-01-14,3,2,2,,,,"WdS","SS",,"G",,
2017-01-15,2,2,1,,,,"WdS","DL",,"G",,
2017-01-16,2,2,2,,,,"WdS","PS",,"G",,
2017-01-17,2,2,2,,,,"WdS","DL",,"PS",,
2017-01-18,2,1,1,,,,"WdS","DL",,"PS",,
2017-01-19,2,1,1,,,,"WdS","DL",,"PS",,
2017-01-20,2,1,1,,,,"WdS","DL",,"PS",,
2017-01-21,2,1,1,,,,"WdS","SS",,"PS",,
2017-01-22,2,2,2,,,,"WdS","DL",,"PS",,
2017-01-23,2,2,2,,,,"WdS","DL",,"PS",,
2017-01-24,3,2,2,,,,"SS","PS",,"",,
2017-01-25,2,2,2,,,,"WdS","PS",,"",,
2017-01-26,4,4,4,,,,"SS","PS",,"WL",,
2017-01-27,4,3,3,,,,"SS","PS",,"WL",,
2017-01-28,3,2,2,,,,"PS","WdS",,"C",,
2017-01-29,3,2,1,,,,"PS","",,"C",,
2017-01-30,2,2,1,,,,"PS","WdS",,"G",,
2017-01-31,2,2,2,,,,"SS","PS",,"",,
2017-02-01,2,2,1,,,,"WdS","PS",,"C",,
2017-02-02,2,2,1,,,,"WdS","PS",,"C",,
2017-02-03,2,2,1,,,,"DL","PS",,"C",,
2017-02-04,2,2,1,,,,"DS","",,"",,
2017-02-05,2,2,1,,,,"DS","",,"",,
2017-02-06,2,2,1,,,,"DS","",,"",,
2017-02-07,2,2,1,,,,"DS","",,"C",,
2017-02-08,2,2,1,,,,"DS","",,"C",,
2017-02-09,2,2,1,,,,"DS","WdS",,"C",,
2017-02-10,3,2,2,,,,"SS","DS",,"",,
2017-02-11,2,2,2,,,,"WdS","DS",,"C",,
2017-02-12,2,2,2,,,,"WdS","DS",,"",,
2017-02-13,4,4,4,,,,"SS","DS",,"",,
2017-02-14,4,4,4,,,,"SS","DS",,"",,
2017-02-15,3,3,3,,,,"SS","WdS",,"DS",,
2017-02-16,3,3,2,,,,"SS","C",,"DS",,
2017-02-17,3,3,2,,,,"PS","WdS",,"DS",,
2017-02-18,3,3,1,,,,"PS","C",,"DS",,
2017-02-19,3,3,1,,,,"PS","C",,"DS",,
2017-02-20,2,2,1,,,,"PS","C",,"DS",,
2017-02-21,2,2,1,,,,"PS","WdS",,"DS",,
2017-02-22,2,2,1,,,,"WdS","PS",,"DS",,
2017-02-23,2,2,1,,,,"WdS","PS",,"DS",,
2017-02-24,2,2,1,,,,"PS","WdS",,"DS",,
2017-02-25,2,1,1,,,,"PS","WdS",,"",,
2017-02-26,2,1,1,,,,"PS","WdS",,"",,
2017-02-27,2,1,1,,,,"WdS","PS",,"C",,
2017-02-28,2,2,1,,,,"WdS","PS",,"G",,
2017-03-01,2,2,1,,,,"WdS","PS",,"G",,
2017-03-02,3,2,1,,,,"WdS","PS",,"C",,
2017-03-03,3,2,1,,,,"WdS","PS",,"",,
2017-03-04,2,1,1,,,,"WdS","",,"PS",,
2017-03-05,2,1,1,,,,"WdS","",,"PS",,
2017-03-06,1,1,1,,,,"","",,"",,
2017-03-07,1,1,1,,,,"","",,"",,
2017-03-08,1,1,1,,,,"","",,"",,
2017-03-09,1,1,1,,,,"","",,"",,
2017-03-10,1,1,1,,,,"","",,"",,
2017-03-11,1,1,1,,,,"","",,"",,
2017-03-12,1,1,1,,,,"","",,"",,
2017-03-13,1,1,1,,,,"","",,"",,
2017-03-14,1,1,1,,,,"","",,"",,
2017-03-15,1,1,1,,,,"","",,"",,
2017-03-16,1,1,1,,,,"","",,"",,
2017-03-17,1,1,1,,,,"","",,"",,
2017-03-18,1,1,1,,,,"","",,"",,
2017-03-19,2,2,2,,,,"SS","",,"",,
2017-03-20,3,3,3,,,,"SS","DL",,"PS",,
2017-03-21,3,3,3,,,,"SS","DL",,"PS",,
2017-03-22,2,2,2,,,,"PS","DL",,"C",,
2017-03-23,2,2,2,,,,"PS","DL",,"C",,
2017-03-24,2,2,2,,,,"PS","DL",,"",,
2017-03-25,2,2,2,,,,"PS","",,"DL",,
2017-03-26,1,1,1,,,,"","",,"",,
2017-03-27,1,1,1,,,,"","",,"",,
2017-03-28,3,3,3,,,,"SS","",,"PS",,
2017-03-29,4,4,4,,,,"SS","",,"PS",,
2017-03-30,4,3,3,,,,"SS","PS",,"",,
2017-03-31,4,4,4,,,,"SS","WL",,"PS",,
2017-04-01,4,4,4,,,,"SS","WL",,"PS",,
2017-04-02,4,4,4,,,,"WL","SS",,"PS",,
2017-04-03,4,4,4,,,,"SS","WL",,"PS",,
2017-04-04,4,4,4,,,,"SS","WL",,"PS",,
2017-04-05,4,4,4,,,,"WdS","WL",,"PS",,
2017-04-06,4,4,4,,,,"WL","PS",,"",,
2017-04-07,4,4,3,,,,"WdS","PS",,"WL",,
2017-04-08,3,3,2,,,,"PS","WL",,"",,
2017-04-09,3,3,2,,,,"PS","WL",,"C",,
2017-04-10,3,3,2,,,,"PS","WL",,"C",,
2017-04-11,3,3,2,,,,"DS","WL",,"C",,
2017-04-12,2,2,2,,,,"DS","WL",,"",,
2017-04-13,2,2,2,,,,"DS","WL",,"G",,
2017-04-14,2,2,2,,,,"WL","DS",,"G",,
2017-04-15,3,3,2,,,,"WL","DS",,"G",,
2017-04-16,3,3,2,,,,"WL","DS",,"G",,
2017-04-18,2,2,1,,,,"WL","DS",,"G",,
2017-04-20,2,2,1,,,,"WL","G",,"DS",,
2017-04-22,3,3,2,,,,"WL","G",,"DS",,
2017-04-23,3,3,2,,,,"WL","G",,"DS",,
2017-04-25,3,3,2,,,,"WL","G",,"DS",,
2017-04-27,2,2,1,,,,"WL","G",,"PS",,
2017-04-29,2,2,1,,,,"WL","G",,"PS",,
2017-05-01,,,,,,,"","",,"",,
2017-10-17,,,,,,,"","",,"",,
2017-11-06,,,,,,,"","",,"",,
2017-11-09,,,,,,,"","",,"",,
2017-11-13,,,,,,,"","",,"",,
2017-11-16,,,,,,,"","",,"",,
2017-11-18,,,,,,,"","",,"",,
2017-11-19,,,,,,,"","",,"",,
2017-11-22,,,,,,,"","",,"",,
2017-11-25,,,,,,,"","",,"",,
2017-11-27,2,2,2,,,,"SS","",,"",,
2017-11-28,2,2,2,,,,"SS","",,"",,
2017-11-29,3,3,3,,,,"SS","",,"",,
2017-11-30,3,3,2,,,,"PS","WdS",,"",,
2017-12-01,3,3,2,,,,"PS","WdS",,"",,
2017-12-02,3,3,2,,,,"PS","WdS",,"",,
2017-12-03,4,4,3,,,,"SS","",,"",,
2017-12-04,4,4,3,,,,"SS","",,"",,
2017-12-05,3,3,3,,,,"SS","WdS",,"",,
2017-12-06,3,3,2,,,,"PS","WdS",,"",,
2017-12-07,4,4,3,,,,"PS","WdS",,"",,
2017-12-08,3,3,2,,,,"PS","WdS",,"WL",,
2017-12-09,3,3,2,,,,"PS","WdS",,"WL",,
2017-12-10,3,3,2,,,,"PS","WL",,"",,
2017-12-11,4,4,3,,,,"WL","SS",,"",,
2017-12-12,4,4,3,,,,"WL","SS",,"",,
2017-12-13,4,4,3,,,,"WtS","SS",,"",,
2017-12-14,3,3,2,,,,"WtS","DS",,"",,
2017-12-15,3,2,,,,,"DS","WdS",,"",,
2017-12-16,3,3,,,,,"SS","DS",,"",,
2017-12-17,3,2,,,,,"DS","WdS",,"",,
2017-12-18,2,2,,,,,"DS","WdS",,"",,
2017-12-19,2,2,,,,,"SS","DS",,"",,
2017-12-20,2,1,,,,,"WdS","DS",,"",,
2017-12-21,2,1,,,,,"DS","WdS",,"",,
2017-12-22,3,2,,,,,"WdS","DS",,"",,
2017-12-23,3,2,,,,,"WdS","DS",,"",,
2017-12-24,2,2,,,,,"WdS","DS",,"",,
2017-12-25,2,2,,,,,"WdS","DS",,"",,
2017-12-26,2,2,,,,,"WdS","DS",,"",,
2017-12-27,2,2,,,,,"DS","WdS",,"",,
2017-12-28,2,1,,,,,"DS","WdS",,"",,
2017-12-29,2,1,,,,,"DS","WdS",,"",,
2017-12-30,3,3,,,,,"SS","DS",,"",,
2017-12-31,4,3,3,,,,"SS","DS",,"",,
2018-01-01,4,4,3,,,,"SS","DS",,"",,
2018-01-02,4,4,3,,,,"SS","WtS",,"DS",,
2018-01-03,3,3,2,,,,"SS","DS",,"",,
2018-01-04,3,3,2,,,,"PS","DS",,"",,
2018-01-05,3,3,2,,,,"PS","DS",,"",,
2018-01-06,3,2,1,,,,"PS","DS",,"",,
2018-01-07,3,2,1,,,,"PS","DS",,"",,
2018-01-08,2,2,1,,,,"PS","DS",,"",,
2018-01-09,2,2,1,,,,"PS","DS",,"",,
2018-01-10,2,2,1,,,,"PS","DS",,"DL",,
2018-01-11,2,2,2,,,,"SS","PS",,"DS",,
2018-01-12,4,4,3,,,,"SS","PS",,"",,
2018-01-13,4,4,4,,,,"WtS","SS",,"PS",,
2018-01-14,3,3,2,,,,"SS","WtS",,"DS",,
2018-01-15,3,3,1,,,,"SS","DS",,"",,
2018-01-16,4,4,3,,,,"DS","WL",,"",,
2018-01-17,4,4,4,,,,"WtS","SS",,"DS",,
2018-01-18,3,3,1,,,,"SS","DS",,"C",,
2018-01-19,3,2,1,,,,"DS","SS",,"C",,
2018-01-20,2,1,1,,,,"DS","C",,"DL",,
2018-01-21,2,1,1,,,,"DS","DL",,"C",,
2018-01-22,2,1,1,,,,"DS","WdS",,"DL",,
2018-01-23,2,1,1,,,,"DS","DL",,"C",,
2018-01-24,2,2,1,,,,"WdS","DS",,"DL",,
2018-01-25,2,1,1,,,,"WdS","DS",,"DL",,
2018-01-26,3,3,2,,,,"SS","DL",,"DS",,
2018-01-27,3,2,2,,,,"SS","DL",,"DS",,
2018-01-28,2,2,2,,,,"PS","DL",,"DS",,
2018-01-29,2,2,1,,,,"PS","DL",,"DS",,
2018-01-30,2,2,1,,,,"PS","DL",,"DS",,
2018-01-31,2,2,1,,,,"PS","DL",,"DS",,
2018-02-01,2,1,1,,,,"PS","DL",,"DS",,
2018-02-02,2,1,1,,,,"PS","DL",,"DS",,
2018-02-03,1,1,1,,,,"PS","",,"",,
2018-02-04,1,1,1,,,,"PS","",,"",,
2018-02-05,1,1,1,,,,"PS","",,"",,
2018-02-06,2,1,1,,,,"WdS","PS",,"",,
2018-02-07,2,1,1,,,,"PS","",,"DL",,
2018-02-08,2,1,1,,,,"PS","",,"DL",,
2018-02-09,2,2,1,,,,"PS","",,"C",,
2018-02-10,2,2,1,,,,"PS","",,"DS",,
2018-02-11,2,2,1,,,,"PS","",,"DS",,
2018-02-12,3,3,2,,,,"PS","SS",,"DS",,
2018-02-13,3,3,2,,,,"PS","WdS",,"DS",,
2018-02-14,2,2,1,,,,"PS","WdS",,"DS",,
2018-02-15,2,2,1,,,,"PS","WdS",,"DS",,
2018-02-16,2,2,1,,,,"PS","WdS",,"DS",,
2018-02-17,2,2,1,,,,"PS","WdS",,"DS",,
2018-02-18,2,2,1,,,,"PS","WdS",,"DS",,
2018-02-19,2,2,1,,,,"PS","",,"DS",,
2018-02-20,2,2,1,,,,"PS","",,"DS",,
2018-02-21,2,2,1,,,,"PS","",,"WdS",,
2018-02-22,2,2,1,,,,"PS","WdS",,"",,
2018-02-23,2,2,1,,,,"PS","WdS",,"",,
2018-02-24,2,2,1,,,,"PS","WdS",,"",,
2018-02-25,3,2,1,,,,"WdS","PS",,"",,
2018-02-26,3,2,2,,,,"SS","PS",,"",,
2018-02-27,2,2,2,,,,"WdS","PS",,"",,
2018-02-28,2,2,2,,,,"WdS","PS",,"",,
2018-03-01,2,2,2,,,,"WdS","PS",,"",,
2018-03-02,2,2,1,,,,"WdS","PS",,"",,
2018-03-03,2,2,1,,,,"WdS","PS",,"",,
2018-03-04,2,2,1,,,,"PS","",,"",,
2018-03-05,2,2,1,,,,"PS","",,"",,
2018-03-06,2,2,1,,,,"PS","",,"",,
2018-03-07,2,2,1,,,,"PS","",,"",,
2018-03-08,4,4,3,,,,"SS","PS",,"",,
2018-03-09,4,4,4,,,,"SS","PS",,"",,
2018-03-10,3,3,3,,,,"SS","PS",,"",,
2018-03-11,3,3,3,,,,"PS","",,"C",,
2018-03-12,3,3,2,,,,"PS","",,"WdS",,
2018-03-13,3,3,2,,,,"PS","",,"WL",,
2018-03-14,3,3,3,,,,"PS","WL",,"C",,
2018-03-15,3,3,3,,,,"PS","WL",,"C",,
2018-03-16,4,4,4,,,,"PS","WL",,"",,
2018-03-17,3,3,3,,,,"DS","WL",,"WdS",,
2018-03-18,2,2,3,,,,"DS","WL",,"C",,
2018-03-19,3,2,3,,,,"DS","WL",,"C",,
2018-03-20,3,2,1,,,,"DS","WdS",,"C",,
2018-03-21,2,2,1,,,,"DS","WdS",,"C",,
2018-03-22,2,2,1,,,,"DS","WdS",,"",,
2018-03-23,2,2,1,,,,"DS","WdS",,"",,
2018-03-24,2,2,1,,,,"DS","",,"WdS",,
2018-03-25,2,2,1,,,,"DS","",,"WdS",,
2018-03-26,2,2,1,,,,"DS","",,"WdS",,
2018-03-27,2,2,1,,,,"DS","",,"",,
2018-03-28,2,2,1,,,,"DS","",,"",,
2018-03-29,2,2,1,,,,"DS","",,"C",,
2018-03-30,2,2,1,,,,"DS","",,"C",,
2018-03-31,2,2,1,,,,"DS","",,"C",,
2018-04-01,1,1,1,,,,"DS","",,"C",,
2018-04-02,1,1,1,,,,"DS","",,"C",,
2018-04-03,1,1,1,,,,"DS","",,"C",,
2018-04-04,3,3,3,,,,"SS","DS",,"C",,
2018-04-05,3,3,3,,,,"SS","WL",,"DS",,
2018-04-06,3,3,2,,,,"SS","WL",,"DS",,
2018-04-07,2,2,2,,,,"PS","WL",,"DS",,
2018-04-08,2,2,2,,,,"PS","WL",,"",,
2018-04-09,2,2,2,,,,"WL","PS",,"C",,
2018-04-10,2,3,3,,,,"WL","PS",,"C",,
2018-04-11,3,3,3,,,,"WL","PS",,"C",,
2018-04-12,3,3,3,,,,"WL","SS",,"PS",,
2018-04-13,2,2,2,,,,"WL","SS",,"",,
2018-04-14,2,2,2,,,,"WL","",,"PS",,
2018-04-15,2,2,2,,,,"WL","",,"PS",,
2018-04-17,2,2,2,,,,"WL","",,"PS",,
2018-04-19,2,2,2,,,,"SS","WL",,"C",,
2018-04-21,2,2,2,,,,"SS","WL",,"C",,
2018-04-22,3,3,2,,,,"SS","WL",,"C",,
2018-04-24,4,3,3,,,,"SS","WL",,"C",,
2018-04-26,2,2,2,,,,"WL","SS",,"C",,
2018-04-28,,,,,,,"","",,"",,
2018-10-22,,,,,,,"","",,"",,
2018-10-31,,,,,,,"","",,"",,
2018-11-05,,,,,,,"","",,"",,
2018-11-07,,,,,,,"","",,"",,
2018-11-10,,,,,,,"","",,"",,
2018-11-13,,,,,,,"","",,"",,
2018-11-16,,,,,,,"","",,"",,
2018-11-19,,,,,,,"","",,"",,
2018-11-23,,,,,,,"","",,"",,
2018-11-25,4,3,,,,,"SS","",,"",,
2018-11-26,4,3,,,,,"SS","",,"",,
2018-11-27,4,3,,,,,"SS","",,"",,
2018-11-28,3,2,,,,,"SS","",,"",,
2018-11-29,2,1,,,,,"SS","",,"",,
2018-11-30,2,1,,,,,"PS","WdS",,"",,
2018-12-01,2,1,,,,,"PS","WdS",,"",,
2018-12-02,2,1,,,,,"PS","WdS",,"",,
2018-12-03,2,1,,,,,"PS","WdS",,"",,
2018-12-04,2,1,,,,,"WdS","PS",,"",,
2018-12-05,2,1,,,,,"WdS","PS",,"",,
2018-12-06,2,1,,,,,"WdS","PS",,"",,
2018-12-07,4,4,4,,,,"SS","",,"",,
2018-12-08,4,4,3,,,,"SS","",,"",,
2018-12-09,3,3,1,,,,"SS","",,"",,
2018-12-10,2,1,1,,,,"WdS","",,"PS",,
2018-12-11,2,1,1,,,,"WdS","",,"PS",,
2018-12-12,2,2,1,,,,"PS","G",,"",,
2018-12-13,2,2,1,,,,"WdS","PS",,"G",,
2018-12-14,2,2,1,,,,"WdS","PS",,"G",,
2018-12-15,2,2,1,,,,"WdS","PS",,"G",,
2018-12-16,2,2,1,,,,"WdS","PS",,"G",,
2018-12-17,3,3,2,,,,"SS","PS",,"G",,
2018-12-18,2,2,1,,,,"SS","PS",,"G",,
2018-12-19,2,2,1,,,,"WdS","PS",,"G",,
2018-12-20,4,4,4,,,,"SS","PS",,"",,
2018-12-21,3,3,3,,,,"SS","PS",,"G",,
2018-12-22,3,2,2,,,,"WdS","PS",,"G",,
2018-12-23,2,2,1,,,,"WdS","PS",,"G",,
2018-12-24,2,2,1,,,,"C","PS",,"G",,
2018-12-25,2,2,1,,,,"C","PS",,"G",,
2018-12-26,2,2,1,,,,"C","PS",,"G",,
2018-12-27,2,2,1,,,,"C","PS",,"G",,
2018-12-28,2,2,1,,,,"C","G",,"PS",,
2018-12-29,2,1,1,,,,"WdS","G",,"PS",,
2018-12-30,3,3,2,,,,"SS","G",,"PS",,
2018-12-31,3,3,3,,,,"SS","G",,"PS",,
2019-01-01,4,3,3,,,,"SS","G",,"PS",,
2019-01-02,3,3,2,,,,"SS","G",,"PS",,
2019-01-03,2,2,1,,,,"WdS","G",,"PS",,
2019-01-04,2,2,1,,,,"PS","G",,"",,
2019-01-05,2,2,1,,,,"PS","G",,"",,
2019-01-06,2,2,1,,,,"PS","G",,"",,
2019-01-07,2,2,1,,,,"PS","G",,"",,
2019-01-08,1,1,1,,,,"","",,"PS",,
2019-01-09,1,1,1,,,,"","",,"PS",,
2019-01-10,1,1,1,,,,"","",,"PS",,
2019-01-11,1,1,1,,,,"WdS","",,"PS",,
2019-01-12,3,2,2,,,,"WdS","PS",,"G",,
2019-01-13,3,3,2,,,,"SS","PS",,"G",,
2019-01-14,3,3,2,,,,"WdS","PS",,"G",,
2019-01-15,2,2,1,,,,"WdS","PS",,"G",,
2019-01-16,2,1,1,,,,"WdS","PS",,"G",,
2019-01-17,2,1,1,,,,"WdS","PS",,"G",,
2019-01-18,2,1,1,,,,"PS","C",,"G",,
2019-01-19,2,1,1,,,,"PS","",,"G",,
2019-01-20,1,1,1,,,,"PS","",,"G",,
2019-01-21,1,1,1,,,,"","",,"PS",,
2019-01-22,2,1,1,,,,"SS","",,"PS",,
2019-01-23,3,3,3,,,,"SS","",,"PS",,
2019-01-24,4,4,3,,,,"SS","WL",,"PS",,
2019-01-25,4,3,3,,,,"SS","WL",,"PS",,
2019-01-26,3,3,2,,,,"SS","C",,"",,
2019-01-27,3,3,1,,,,"PS","C",,"",,
2019-01-28,3,2,1,,,,"PS","",,"",,
2019-01-29,3,3,1,,,,"PS","WdS",,"",,
2019-01-30,3,2,1,,,,"PS","",,"WdS",,
2019-01-31,3,2,1,,,,"PS","C",,"",,
2019-02-01,2,2,1,,,,"PS","WdS",,"",,
2019-02-02,2,2,1,,,,"PS","",,"",,
2019-02-03,3,2,1,,,,"PS","WdS",,"G",,
2019-02-04,2,2,1,,,,"PS","WdS",,"G",,
2019-02-05,2,2,1,,,,"PS","WdS",,"G",,
2019-02-06,2,2,1,,,,"PS","WdS",,"G",,
2019-02-07,2,2,1,,,,"PS","C",,"G",,
2019-02-08,2,2,1,,,,"PS","WL",,"G",,
2019-02-09,2,2,1,,,,"PS","C",,"G",,
2019-02-10,2,2,1,,,,"WdS","PS",,"G",,
2019-02-11,2,2,1,,,,"WdS","PS",,"G",,
2019-02-12,2,2,1,,,,"WdS","PS",,"G",,
2019-02-13,2,2,1,,,,"WdS","PS",,"G",,
2019-02-14,2,2,1,,,,"WdS","PS",,"G",,
2019-02-15,2,2,1,,,,"WdS","PS",,"G",,
2019-02-16,2,2,2,,,,"SS","PS",,"G",,
2019-02-17,3,3,3,,,,"SS","PS",,"G",,
2019-02-18,3,3,2,,,,"SS","PS",,"G",,
2019-02-19,2,2,2,,,,"WdS","PS",,"G",,
2019-02-20,2,2,2,,,,"WdS","PS",,"G",,
2019-02-21,3,2,2,,,,"WdS","PS",,"G",,
2019-02-22,3,2,2,,,,"WdS","PS",,"G",,
2019-02-23,2,2,1,,,,"WdS","PS",,"G",,
2019-02-24,2,1,1,,,,"PS","",,"G",,
2019-02-25,2,1,1,,,,"PS","",,"G",,
2019-02-26,2,1,1,,,,"PS","",,"G",,
2019-02-27,1,1,1,,,,"","",,"PS",,
2019-02-28,1,1,1,,,,"","",,"PS",,
2019-03-01,2,2,1,,,,"WL","",,"PS",,
2019-03-02,1,1,1,,,,"","",,"PS",,
2019-03-03,1,1,1,,,,"","",,"PS",,
2019-03-04,1,1,1,,,,"","",,"PS",,
2019-03-05,1,1,1,,,,"","",,"",,
2019-03-06,1,1,1,,,,"","",,"",,
2019-03-07,1,1,1,,,,"WdS","",,"",,
2019-03-08,3,3,3,,,,"SS","",,"G",,
2019-03-09,4,4,3,,,,"SS","",,"",,
2019-03-10,4,3,3,,,,"SS","",,"",,
2019-03-11,3,3,3,,,,"SS","",,"",,
2019-03-12,3,2,2,,,,"PS","WL",,"C",,
2019-03-13,4,4,3,,,,"SS","",,"",,
2019-03-14,4,4,4,,,,"SS","",,"",,
2019-03-15,4,4,4,,,,"SS","",,"",,
2019-03-16,4,4,4,,,,"SS","",,"",,
2019-03-17,4,4,4,,,,"SS","",,"",,
2019-03-18,4,4,4,,,,"SS","",,"",,
2019-03-19,3,3,3,,,,"SS","",,"C",,
2019-03-20,4,4,4,,,,"SS","",,"",,
2019-03-21,4,4,4,,,,"WtS","",,"G",,
2019-03-22,4,4,4,,,,"WtS","",,"G",,
2019-03-23,4,4,4,,,,"WtS","",,"",,
2019-03-24,4,4,4,,,,"WtS","",,"",,
2019-03-25,4,4,4,,,,"WtS","DS",,"C",,
2019-03-26,2,2,2,,,,"WL","DS",,"G",,
2019-03-27,3,2,2,,,,"WL","DS",,"G",,
2019-03-28,3,3,2,,,,"WL","DS",,"G",,
2019-03-29,3,3,2,,,,"WL","DS",,"G",,
2019-03-30,3,3,2,,,,"WL","DS",,"G",,
2019-03-31,3,3,2,,,,"WL","G",,"DS",,
2019-04-01,3,3,2,,,,"WL","G",,"DS",,
2019-04-02,2,2,2,,,,"WL","G","","",,
2019-04-03,2,2,2,,,,"G","","","WL",,
2019-04-04,2,2,2,,,,"G","",,"",,
2019-04-05,2,2,2,,,,"G","",,"",,
2019-04-06,2,2,2,,,,"WdS","G",,"",,
2019-04-07,2,2,2,,,,"WdS","G",,"",,
2019-04-08,2,2,2,,,,"G","WL",,"",,
2019-04-09,2,2,2,,,,"G","WdS",,"",,
2019-04-10,1,1,1,,,,"","",,"",,
2019-04-11,3,2,,,,,"WdS","",,"G",,
2019-04-12,3,2,,,,,"WdS","WL",,"G",,
2019-04-13,3,2,,,,,"PS","WL",,"G",,
2019-04-14,2,1,,,,,"WL","PS",,"G",,
2019-04-16,2,1,,,,,"PS","",,"G",,
2019-04-18,2,1,,,,,"PS","","","",,
2019-04-20,2,2,,,,,"SS","WL",,"",,
2019-04-21,3,3,,,,,"SS","WL","","",,
2019-04-23,2,2,,,,,"SS","WL",,"",,
2019-04-25,3,2,,,,,"WdS","PS",,"G",,
2019-04-27,,,,,,,"Springtime-high-low.png","",,"",,
2019-10-11,,,,,,,"","","","",,
2019-10-30,,,,,,,"","","","",,
2019-11-06,,,,,,,"","","","",,
2019-11-11,,,,,,,"","","","",,
2019-11-15,,,,,,,"","","","",,
2019-11-20,,,,,,,"","","","",,
2019-11-26,,,,,,,"","","","",,
2019-11-28,,,,,,,"","","","",,
2019-11-29,3,3,3,,,,"SS","","","",,
2019-11-30,3,1,,,,,"SS","PS","","",,
2019-12-01,2,1,,,,,"WdS","PS","","",,
2019-12-02,2,1,,,,,"WdS","PS","","",,
2019-12-03,2,1,,,,,"WdS","PS","","",,
2019-12-04,2,1,,,,,"PS","WdS","","",,
2019-12-05,2,1,,,,,"PS","WdS","","",,
2019-12-06,2,1,,,,,"PS","","","",,
2019-12-07,3,3,,,,,"SS","PS","","",,
2019-12-08,3,2,,,,,"SS","PS","","",,
2019-12-09,4,4,4,,,,"SS","PS","","",,
2019-12-10,3,2,,,,,"SS","PS","","",,
2019-12-11,3,2,,,,,"WdS","PS","","",,
2019-12-12,3,2,,,,,"WdS","PS","","G",,
2019-12-13,3,3,,,,,"G","WdS","","PS",,
2019-12-14,3,3,,,,,"G","WdS","","",,
2019-12-15,3,2,,,,,"WdS","G","","",,
2019-12-16,2,2,,,,,"WdS","G","","PS",,
2019-12-17,2,2,,,,,"WdS","G","","PS",,
2019-12-18,2,1,,,,,"WdS","G","","PS",,
2019-12-19,2,1,,,,,"WdS","PS","","G",,
2019-12-20,2,1,,,,,"WdS","PS","","G",,
2019-12-21,2,1,,,,,"PS","","","G",,
2019-12-22,2,1,,,,,"PS","","","G",,
2019-12-23,2,1,,,,,"WdS","G","","PS",,
2019-12-24,2,2,1,,,,"WdS","G","","PS",,
2019-12-25,2,2,1,,,,"WdS","G","","PS",,
2019-12-26,3,3,2,,,,"WdS","G","","PS",,
2019-12-27,2,2,1,,,,"WdS","","","G",,
2019-12-28,2,2,1,,,,"WdS","","","G",,
2019-12-29,3,3,2,,,,"WdS","","","G",,
2019-12-30,3,3,2,,,,"SS","","","",,
2019-12-31,3,3,2,,,,"SS","WtS","","",,
2020-01-01,3,3,3,,,,"SS","","","",,
2020-01-02,2,2,2,,,,"PS","WdS","","",,
2020-01-03,2,2,1,,,,"PS","DL","","",,
2020-01-04,2,2,1,,,,"PS","DL","","G",,
2020-01-05,2,2,1,,,,"PS","DL","","G",,
2020-01-06,2,2,1,,,,"PS","DL","","G",,
2020-01-07,2,2,1,,,,"PS","DL","","",,
2020-01-08,2,2,1,,,,"PS","WdS","","G",,
2020-01-09,2,2,1,,,,"PS","WdS","","G",,
2020-01-10,2,2,1,,,,"PS","WdS","","G",,
2020-01-11,2,2,1,,,,"PS","WdS","","G",,
2020-01-12,2,2,1,,,,"WdS","PS","","G",,
2020-01-13,2,2,1,,,,"WdS","PS","","DL",,
2020-01-14,2,2,1,,,,"WdS","PS","","DL",,
2020-01-15,2,1,1,,,,"PS","","","DL",,
2020-01-16,2,1,1,,,,"PS","","","DL",,
2020-01-17,2,1,1,,,,"PS","DL","","",,
2020-01-18,1,1,1,,,,"PS","","","",,
2020-01-19,1,1,1,,,,"PS","","","",,
2020-01-20,2,2,2,,,,"SS","PS","","",,
2020-01-21,2,2,2,,,,"SS","PS","","",,
2020-01-22,2,2,1,,,,"PS","DL","","",,
2020-01-23,2,1,1,,,,"WdS","DL","","",,
2020-01-24,2,1,1,,,,"WdS","DL","","",,
2020-01-25,1,1,1,,,,"DL","","","",,
2020-01-26,1,1,1,,,,"DL","","","",,
2020-01-27,2,2,2,,,,"DL","","","",,
2020-01-28,3,2,2,,,,"WdS","SS","","",,
2020-01-29,4,3,3,,,,"SS","","","",,
2020-01-30,3,3,3,,,,"SS","","","",,
2020-01-31,3,2,2,,,,"PS","WdS","","",,
2020-02-01,3,3,2,,,,"WdS","PS","","",,
2020-02-02,3,3,2,,,,"WdS","PS","","",,
2020-02-03,3,3,2,,,,"WdS","PS","","",,
2020-02-04,3,3,2,,,,"WdS","PS","","",,
2020-02-05,3,3,2,,,,"WdS","PS","","",,
2020-02-06,3,3,2,,,,"PS","","","",,
2020-02-07,3,3,2,,,,"PS","","","",,
2020-02-08,3,3,3,,,,"WdS","PS","","WL",,
2020-02-09,3,3,2,,,,"PS","WdS","","",,
2020-02-10,3,2,2,,,,"PS","WdS","","",,
2020-02-11,3,3,2,,,,"PS","WdS","","",,
2020-02-12,3,3,3,,,,"SS","PS","","",,
2020-02-13,3,3,2,,,,"PS","WdS","","",,
2020-02-14,3,3,2,,,,"PS","WdS","","",,
2020-02-15,2,2,2,,,,"PS","WdS","","",,
2020-02-16,2,2,2,,,,"PS","","","",,
2020-02-17,3,3,3,,,,"SS","PS","","",,
2020-02-18,4,4,4,,,,"SS","DS","","",,
2020-02-19,4,4,4,,,,"SS","DS","","",,
2020-02-20,4,4,4,,,,"SS","DS","","",,
2020-02-21,3,3,3,,,,"SS","DS","","",,
2020-02-22,3,3,3,,,,"DS","WdS","","",,
2020-02-23,3,3,3,,,,"WdS","DS","","",,
2020-02-24,3,3,2,,,,"DS","WdS","","",,
2020-02-25,3,3,2,,,,"DS","WdS","","",,
2020-02-26,3,3,3,,,,"DS","WdS","","",,
2020-02-27,2,2,2,,,,"DS","","","",,
2020-02-28,2,2,2,,,,"WdS","WdS","","",,
2020-02-29,2,2,2,,,,"DS","WdS","","",,
2020-03-01,3,3,3,,,,"SS","DS","","",,
2020-03-02,2,2,2,,,,"WdS","DS","","",,
2020-03-03,2,2,2,,,,"WdS","DS","","",,
2020-03-04,2,2,2,,,,"WdS","DS","","",,
2020-03-05,2,2,2,,,,"WdS","DS","","",,
2020-03-06,2,2,2,,,,"WdS","DS","","",,
2020-03-07,2,2,2,,,,"WdS","DS","","",,
2020-03-08,2,2,2,,,,"WdS","DS","","",,
2020-03-09,2,2,2,,,,"WdS","DS","","",,
2020-03-10,3,2,2,,,,"WdS","DS","","",,
2020-03-11,2,2,2,,,,"WdS","DS","","",,
2020-03-12,2,2,2,,,,"PS","","","",,
2020-03-13,2,2,2,,,,"PS","","","",,
2020-03-14,2,2,2,,,,"PS","","","",,
2020-03-15,2,2,2,,,,"PS","","","",,
2020-03-16,3,3,3,,,,"WL","PS","","",,
2020-03-17,1,1,1,,,,"","","","",,
2020-03-18,2,2,2,,,,"WdS","PS","","",,
2020-03-19,2,2,2,,,,"WL","PS","","",,
2020-03-20,1,1,1,,,,"","","","PS",,
2020-03-21,2,2,2,,,,"WdS","WL","","PS",,
2020-03-22,2,2,2,,,,"WdS","WL","","PS",,
2020-03-23,2,2,2,,,,"WdS","WL","","",,
2020-03-24,3,3,3,,,,"WL","WdS","","PS",,
2020-03-25,2,2,2,,,,"WL","WdS","","PS",,
2020-03-26,2,2,2,,,,"WL","WdS","","PS",,
2020-03-27,1,1,1,,,,"","","","PS",,
2020-03-28,1,1,1,,,,"","","","",,
2020-03-29,1,1,1,,,,"","","","",,
2020-03-30,,,,,,,"","","","",,
2020-04-14,,,,,,,"","","","",,
2020-04-17,,,,,,,"","","","",,
2020-04-18,,,,,,,"Springtime-high-low.png","","","",,
2020-04-25,,,,,,,"Springtime-high-low.png","","","",,
2020-10-18,,,,,,,"","","","",,
2020-10-28,,,,,,,"","","","",,
2020-11-08,,,,,,,"SS","","","",,
2020-11-10,,,,,,,"","","","",,
2020-11-12,,,,,,,"","","","",,
2020-11-14,,,,,,,"","","","",,
2020-11-20,,,,,,,"","","","",,
2020-11-22,3,3,3,,,,"SS","PS","","",,
2020-11-24,3,3,3,,,,"PS","SS","","",,
2020-11-26,3,3,2,,,,"PS","SS","","",,
2020-11-28,4,4,4,,,,"SS","PS","","",,
2020-11-29,3,3,3,,,,"WdS","DS","","",,
2020-11-30,3,3,3,,,,"SS","DS","","",,
2020-12-01,4,4,4,,,,"SS","DS","","",,
2020-12-02,3,3,3,,,,"SS","DS","","",,
2020-12-03,2,2,1,,,,"WdS","DS","","",,
2020-12-04,2,2,1,,,,"WdS","DS","","",,
2020-12-05,2,1,1,,,,"DS","","","",,
2020-12-06,3,2,2,,,,"WdS","DS","","",,
2020-12-07,3,3,3,,,,"SS","DS","","",,
2020-12-08,3,3,3,,,,"SS","DS","","",,
2020-12-09,2,2,2,,,,"SS","DS","","",,
2020-12-10,2,2,1,,,,"WdS","DS","","",,
2020-12-11,2,2,1,,,,"DS","","","",,
2020-12-12,2,2,1,,,,"WdS","DS","","",,
2020-12-13,2,2,1,,,,"WdS","DS","","",,
2020-12-14,2,2,1,,,,"WdS","DS","","",,
2020-12-15,2,1,1,,,,"WdS","DS","","",,
2020-12-16,2,1,1,,,,"DS","","","",,
2020-12-17,2,1,1,,,,"DS","","","",,
2020-12-18,2,1,1,,,,"DS","","","",,
2020-12-19,2,1,1,,,,"WdS","","","DS",,
2020-12-20,1,1,1,,,,"","","","DS",,
2020-12-21,2,1,1,,,,"WdS","","","DS",,
2020-12-22,4,4,4,,,,"SS","","","",,
2020-12-23,3,3,3,,,,"SS","","","",,
2020-12-24,2,2,1,,,,"WdS","","","DS",,
2020-12-25,3,2,1,,,,"WdS","","","DS",,
2020-12-26,2,2,1,,,,"WdS","","","DS",,
2020-12-27,3,2,1,,,,"WdS","","","DS",,
2020-12-28,3,3,2,,,,"SS","DS","","",,
2020-12-29,2,2,1,,,,"WdS","DS","","",,
2020-12-30,2,2,1,,,,"WdS","DS","","",,
2020-12-31,2,2,1,,,,"WdS","DS","","",,
2021-01-01,2,2,1,,,,"WdS","DS","","",,
2021-01-02,2,2,1,,,,"DS","","","",,
2021-01-03,2,2,1,,,,"DS","","","",,
2021-01-04,3,2,2,,,,"WdS","DS","","",,
2021-01-05,2,2,1,,,,"WdS","","","DS",,
2021-01-06,2,2,1,,,,"WdS","","","DS",,
2021-01-07,3,3,2,,,,"SS","DS","","",,
2021-01-08,4,3,3,,,,"SS","DS","","",,
2021-01-09,3,3,3,,,,"SS","DS","","",,
2021-01-10,4,4,4,,,,"SS","DS","","",,
2021-01-11,4,4,4,,,,"SS","DS","","",,
2021-01-12,4,4,4,,,,"SS","DS","","",,
2021-01-13,3,3,3,,,,"SS","DS","","",,
2021-01-14,3,3,2,,,,"WdS","","","DS",,
2021-01-15,3,2,2,,,,"WdS","","","DS",,
2021-01-16,3,3,2,,,,"WdS","","","",,
2021-01-17,3,3,2,,,,"WdS","","","",,
2021-01-18,4,4,4,,,,"SS","","","",,
2021-01-19,3,3,2,,,,"SS","","","",,
2021-01-20,3,2,2,,,,"WdS","","","",,
2021-01-21,2,2,1,,,,"WdS","","","",,
2021-01-22,2,2,1,,,,"WdS","","","G",,
2021-01-23,3,3,2,,,,"WdS","","","G",,
2021-01-24,3,2,1,,,,"WdS","","","G",,
2021-01-25,2,2,1,,,,"WdS","","","G",,
2021-01-26,2,2,1,,,,"WdS","","","G",,
2021-01-27,2,1,1,,,,"WdS","","","G",,
2021-01-28,2,2,1,,,,"WdS","","","G",,
2021-01-29,2,2,1,,,,"WdS","","","G",,
2021-01-30,2,2,2,,,,"WdS","","","G",,
2021-01-31,2,2,1,,,,"WdS","","","G",,
2021-02-01,2,2,1,,,,"WdS","","","G",,
2021-02-02,2,2,1,,,,"PS","","","G",,
2021-02-03,2,2,1,,,,"PS","","","G",,
2021-02-04,2,2,1,,,,"PS","","","G",,
2021-02-05,2,2,1,,,,"PS","","","G",,
2021-02-06,3,2,1,,,,"WdS","","","G",,
2021-02-07,2,2,1,,,,"PS","","","G",,
2021-02-08,2,2,1,,,,"PS","","","G",,
2021-02-09,2,2,1,,,,"PS","","","G",,
2021-02-10,2,2,1,,,,"WdS","","","G",,
2021-02-11,3,3,2,,,,"WdS","","","G",,
2021-02-12,3,3,2,,,,"WdS","","","G",,
2021-02-13,2,2,2,,,,"WdS","","","G",,
2021-02-14,2,2,2,,,,"WdS","","","G",,
2021-02-15,2,2,2,,,,"PS","","","G",,
2021-02-16,2,2,2,,,,"PS","","","G",,
2021-02-17,3,3,3,,,,"WdS","PS","","",,
2021-02-18,2,2,2,,,,"PS","","","",,
2021-02-19,3,2,2,,,,"WdS","PS","","",,
2021-02-20,2,2,2,,,,"WdS","PS","","",,
2021-02-21,2,2,2,,,,"PS","","","",,
2021-02-22,2,2,2,,,,"WdS","PS","","",,
2021-02-23,2,2,2,,,,"WdS","PS","","",,
2021-02-24,2,2,2,,,,"WdS","PS","","",,
2021-02-25,2,2,2,,,,"WdS","PS","","WL",,
2021-02-26,2,2,2,,,,"WdS","PS","","",,
2021-02-27,2,2,2,,,,"WdS","PS","","",,
2021-02-28,3,2,2,,,,"WdS","PS","","",,
2021-03-01,2,2,2,,,,"WdS","PS","","",,
2021-03-02,2,2,2,,,,"PS","","","",,
2021-03-03,2,2,2,,,,"PS","","","",,
2021-03-04,2,2,2,,,,"PS","","","",,
2021-03-05,2,2,2,,,,"WdS","PS","","",,
2021-03-06,2,2,2,,,,"WdS","PS","","",,
2021-03-07,2,2,2,,,,"WdS","PS","","",,
2021-03-08,1,1,1,,,,"","","","",,
2021-03-09,2,2,1,,,,"WdS","","","",,
2021-03-10,3,2,2,,,,"WdS","","","",,
2021-03-11,3,3,2,,,,"WdS","","","",,
2021-03-12,3,3,2,,,,"WdS","","","",,
2021-03-13,2,2,2,,,,"PS","","","",,
2021-03-14,2,2,2,,,,"WdS","PS","","",,
2021-03-15,2,2,2,,,,"WdS","PS","","",,
2021-03-16,2,2,2,,,,"PS","","","",,
2021-03-17,2,2,2,,,,"WdS","PS","","",,
2021-03-18,2,2,2,,,,"PS","WdS","","",,
2021-03-19,2,2,2,,,,"PS","","","",,
2021-03-20,2,2,2,,,,"WdS","PS","","",,
2021-03-21,2,2,2,,,,"PS","","","",,
2021-03-22,2,2,2,,,,"PS","","","",,
2021-03-23,2,2,2,,,,"PS","WdS","","",,
2021-03-24,2,2,2,,,,"PS","","","",,
2021-03-25,3,3,3,,,,"SS","PS","G","",,
2021-03-26,2,2,2,,,,"SS","PS","","",,
2021-03-27,3,2,2,,,,"WdS","PS","","",,
2021-03-28,3,2,2,,,,"WdS","PS","","",,
2021-03-29,2,2,2,,,,"PS","","","",,
2021-03-30,3,3,3,,,,"PS","","","",,
2021-03-31,2,2,2,,,,"PS","WdS","","",,
2021-04-01,2,2,2,,,,"PS","","","",,
2021-04-02,2,2,2,,,,"PS","","","",,
2021-04-03,2,2,2,,,,"PS","","","",,
2021-04-04,3,2,2,,,,"WdS","PS","","",,
2021-04-05,3,2,2,,,,"WdS","PS","","",,
2021-04-06,2,2,2,,,,"WdS","PS","","",,
2021-04-07,2,2,1,,,,"WdS","PS","","",,
2021-04-08,3,3,2,,,,"WdS","PS","","",,
2021-04-09,3,3,2,,,,"WdS","PS","","",,
2021-04-10,2,2,1,,,,"WdS","PS","","",,
2021-04-11,2,2,1,,,,"WdS","PS","","",,
2021-04-12,4,4,3,,,,"WdS","PS","","",,
2021-04-13,3,3,3,,,,"SS","PS","","",,
2021-04-14,4,4,4,,,,"WtS","","","",,
2021-04-15,3,3,3,,,,"WtS","PS","","",,
2021-04-16,4,4,4,,,,"SS","WtS","PS","",,
2021-04-17,4,4,4,,,,"Springtime-high-low.png","SS","C","",,
2021-04-18,4,4,4,,,,"Springtime-high-low.png","SS","","",,
2021-04-20,4,4,4,,,,"Springtime-high-low.png","PS","","G",,
2021-04-22,4,4,4,,,,"Springtime-high-low.png","","","G",,
2021-04-24,3,3,3,,,,"WL","","","G",,
2021-04-25,3,3,3,,,,"WL","","","G",,
2021-04-27,2,2,2,,,,"WL","","","G",,
2021-04-29,2,2,2,,,,"WL","","","",,
2021-05-01,2,2,2,,,,"WL","","","G",,
2021-05-02,,,,,,,"Springtime-high-low.png","","","",,
2021-10-03,,,,,,,"","","","",,
2021-10-22,,,,,,,"","","","",,
2021-10-30,,,,,,,"","","","",,
2021-11-06,,,,,,,"","","","",,
2021-11-12,,,,,,,"","","","",,
2021-11-17,,,,,,,"","","","",,
2021-11-20,2,1,1,,,,"WdS","G","","",,
2021-11-21,2,1,1,,,,"WdS","G","","",,
2021-11-22,2,1,1,,,,"WdS","G","","",,
2021-11-23,3,2,2,,,,"WdS","SS","","G",,
2021-11-24,3,2,2,,,,"SS","","","G",,
2021-11-25,3,2,2,,,,"SS","","","G",,
2021-11-26,3,2,2,,,,"PS","","","G",,
2021-11-27,3,2,2,,,,"PS","","","G",,
2021-11-28,3,2,2,,,,"PS","","","G",,
2021-11-29,3,3,2,,,,"WdS","PS","","G",,
2021-11-30,3,3,2,,,,"WdS","PS","","G",,
2021-12-01,2,2,2,,,,"PS","","","G",,
2021-12-02,2,2,2,,,,"PS","","","G",,
2021-12-03,3,3,2,,,,"PS","","","G",,
2021-12-04,3,3,2,,,,"PS","","","G",,
2021-12-05,3,3,3,,,,"WdS","PS","","G",,
2021-12-06,4,4,4,,,,"WdS","PS","","G",,
2021-12-07,4,4,4,,,,"WdS","PS","","",,
2021-12-08,3,3,2,,,,"WdS","PS","","",,
2021-12-09,4,4,4,,,,"WdS","PS","","",,
2021-12-10,4,4,4,,,,"SS","PS","","",,
2021-12-11,3,3,3,,,,"WdS","PS","","",,
2021-12-12,3,3,2,,,,"WdS","PS","","",,
2021-12-13,3,3,2,,,,"WdS","PS","","",,
2021-12-14,2,2,2,,,,"WdS","PS","","",,
2021-12-15,2,2,2,,,,"DS","","","",,
2021-12-16,2,2,2,,,,"WdS","DS","","",,
2021-12-17,2,2,2,,,,"DS","WdS","","",,
2021-12-18,2,2,1,,,,"DS","","","",,
2021-12-19,2,2,1,,,,"DS","","","",,
2021-12-20,2,2,1,,,,"DS","","","",,
2021-12-21,3,2,1,,,,"WdS","DS","","",,
2021-12-22,2,2,1,,,,"WdS","DS","","",,
2021-12-23,3,2,1,3,3,2,"WdS","DS","","",,
2021-12-24,3,2,1,3,2,1,"WdS","DS","","",,
2021-12-25,2,2,1,2,2,1,"WdS","DS","","",,
2021-12-26,2,2,1,2,2,1,"DS","","","",,
2021-12-27,2,2,2,,,,"WdS","DS","","",,
2021-12-28,2,2,2,,,,"DS","","","",,
2021-12-29,2,2,1,2,2,1,"DS","","","",,
2021-12-30,1,1,1,1,1,1,"","","","DS",,
2021-12-31,2,1,1,2,1,1,"WdS","","","DS",,
2022-01-01,2,2,1,,,,"WdS","","","DS",,
2022-01-02,2,2,1,2,2,1,"WdS","","","DS",,
2022-01-03,2,1,1,,,,"WdS","","","DS",,
2022-01-04,2,1,1,,,,"WdS","","","DS",,
2022-01-05,1,1,1,,,,"","","","",,
2022-01-06,1,1,1,,,,"","","","",,
2022-01-07,1,1,1,,,,"","","","",,
2022-01-08,2,1,1,,,,"WdS","","","",,
2022-01-09,2,2,1,2,2,1,"WdS","","","",,
2022-01-10,3,3,3,3,3,3,"SS","","","",,
2022-01-11,3,2,2,,,,"WdS","","","",,
2022-01-12,3,2,2,,,,"WdS","","","",,
2022-01-13,4,4,3,4,4,3,"SS","","","",,
2022-01-14,3,3,2,,,,"WdS","PS","","",,
2022-01-15,3,3,2,3,2,1,"WdS","PS","","",,
2022-01-16,3,2,1,2,2,1,"PS","","","",,
2022-01-17,2,2,1,2,1,1,"WdS","PS","","",,
2022-01-18,2,1,1,,,,"WdS","PS","","",,
2022-01-19,2,2,2,,,,"WdS","","","PS",,
2022-01-20,2,2,2,3,2,2,"WdS","","","PS",,
2022-01-21,4,3,3,4,3,2,"WdS","","","",,
2022-01-22,3,2,2,3,2,2,"WdS","","","",,
2022-01-23,3,2,2,3,3,2,"WdS","","","",,
2022-01-24,4,4,3,4,4,3,"SS","","","",,
2022-01-25,3,3,2,3,2,2,"SS","","","",,
2022-01-26,2,2,1,2,2,1,"WdS","","","",,
2022-01-27,3,3,2,3,2,2,"SS","","","",,
2022-01-28,3,3,2,,,,"WdS","","","",,
2022-01-29,3,3,2,3,3,1,"WdS","","","",,
2022-01-30,3,2,1,3,2,1,"WdS","","","",,
2022-01-31,2,2,1,,,,"WdS","","","",,
2022-02-01,3,3,2,3,3,2,"WdS","","","",,
2022-02-02,2,2,1,2,2,1,"WdS","","","",,
2022-02-03,3,3,2,3,3,2,"WdS","","","",,
2022-02-04,2,2,1,2,2,1,"WdS","","","",,
2022-02-05,3,3,2,3,3,2,"WdS","","","",,
2022-02-06,2,2,1,,,,"WdS","","","",,
2022-02-07,2,1,1,,,,"WdS","","","",,
2022-02-08,3,3,2,,,,"SS","","","",,
2022-02-09,3,2,1,3,2,2,"WdS","","","",,
2022-02-10,3,2,2,3,2,2,"WdS","","","",,
2022-02-11,3,2,1,3,2,1,"WdS","","","",,
2022-02-12,2,2,1,2,2,1,"WdS","","","",,
2022-02-13,2,1,1,2,1,1,"WdS","","","PS",,
2022-02-14,2,1,1,2,2,2,"WdS","","","PS",,
2022-02-15,2,2,2,3,2,2,"WdS","","","PS",,
2022-02-16,3,3,3,3,3,3,"SS","","","PS",,
2022-02-17,3,2,2,3,2,2,"WdS","","","PS",,
2022-02-18,3,3,3,,,,"WdS","","","PS",,
2022-02-19,3,3,2,2,2,2,"WdS","PS","","",,
2022-02-20,2,2,2,2,2,2,"PS","","","",,
2022-02-21,3,3,3,3,3,3,"WdS","PS","","",,
2022-02-22,3,3,3,3,3,3,"SS","PS","","",,
2022-02-23,3,2,2,,,,"WdS","PS","","",,
2022-02-24,4,4,4,3,3,3,"SS","PS","","",,"WdS"
2022-02-25,4,4,4,4,3,3,"SS","PS","","",,"WdS"
2022-02-26,3,2,2,2,2,1,"WdS","PS","","",,
2022-02-27,2,2,1,,,,"WdS","PS","","",,
2022-02-28,2,1,1,,,,"WdS","PS","","",,
2022-03-01,1,1,1,,,,"","","","DS",,
2022-03-02,2,1,1,,,,"WdS","","","DS",,
2022-03-03,3,2,2,3,2,2,"SS","","","DS",,
2022-03-04,3,3,2,,,,"SS","","","DS",,
2022-03-05,3,3,2,3,3,2,"SS","","","DS",,
2022-03-06,3,2,1,3,2,1,"SS","","","",,
2022-03-07,2,2,1,2,2,1,"SS","","","",,
2022-03-08,2,2,1,,,,"SS","","","",,
2022-03-09,2,2,1,,,,"WdS","PS","","",,
2022-03-10,3,2,2,3,2,2,"WdS","PS","","",,
2022-03-11,2,2,1,,,,"WdS","PS","","",,
2022-03-12,2,2,1,2,2,1,"WdS","PS","","",,
2022-03-13,2,2,1,2,2,1,"PS","","","","WdS","PS"
2022-03-14,2,2,1,,,,"WdS","PS","","",,
2022-03-15,2,1,1,,,,"PS","","","",,
2022-03-16,3,2,2,,,,"WdS","PS","","",,
2022-03-17,2,2,1,2,2,1,"SS","PS","","",,
2022-03-18,2,2,1,,,,"WdS","PS","","",,
2022-03-19,3,2,1,,,,"SS","PS","","",,
2022-03-20,2,2,1,,,,"WdS","PS","","",,
2022-03-21,2,2,1,,,,"PS","","","",,
2022-03-22,2,2,1,,,,"PS","","","",,
2022-03-23,3,2,2,,,,"SS","PS","","",,
2022-03-24,4,4,4,,,,"SS","PS","","",,
2022-03-25,4,4,4,,,,"SS","PS","","",,
2022-03-26,4,4,4,4,4,4,"SS","PS","","",,
2022-03-27,3,3,2,,,,"WdS","PS","","",,
2022-03-28,4,4,4,,,,"SS","PS","","",,
2022-03-29,3,3,2,,,,"PS","","","",,
2022-03-30,3,3,2,,,,"DS","WL","","",,
2022-03-31,3,2,1,3,2,1,"WdS","DS","","",,
2022-04-01,3,3,2,,,,"WdS","DS","","",,
2022-04-02,3,3,2,,,,"SS","DS","","",,
2022-04-03,3,3,2,,,,"PS","DS","","",,
2022-04-04,2,2,1,,,,"PS","DS","","",,
2022-04-05,2,2,1,,,,"WdS","DS","","",,
2022-04-06,2,2,1,,,,"WdS","PS","","",,
2022-04-07,2,2,1,,,,"WdS","PS","","",,
2022-04-08,2,2,1,,,,"WdS","PS","","",,
2022-04-09,2,2,1,,,,"WdS","PS","","",,
2022-04-10,1,1,1,,,,"","","","",,
2022-04-11,1,1,1,,,,"","","","",,
2022-04-12,1,1,1,,,,"","","","",,
2022-04-13,1,1,1,,,,"","","","",,
2022-04-14,1,1,1,,,,"","","","",,
2022-04-15,2,2,1,,,,"WdS","G","","",,
2022-04-16,2,1,1,,,,"WdS","G","","",,
2022-04-17,1,1,1,,,,"","G","","",,
2022-04-19,1,1,1,,,,"","G","","",,
2022-04-21,2,1,1,,,,"WdS","WtS","G","",,
2022-04-22,3,3,3,,,,"WtS","SS","","",,
2022-04-23,3,3,3,,,,"WtS","SS","","",,
2022-04-24,3,3,2,,,,"SS","WtS","","",,
2022-04-26,3,3,3,,,,"Springtime-high-low.png","WdS","","",,
2022-04-28,4,4,4,,,,"Springtime-high-low.png","PS","","",,
2022-04-30,3,3,3,,,,"WdS","WtS","","",,
2022-05-01,4,4,4,,,,"SS","WtS","","",,
2022-05-02,,,,,,,"Springtime-high-low.png","","","",,
2022-10-05,,,,,,,"","","","",,
2022-11-01,,,,,,,,,,,,
2022-11-02,,,,,,,,,,,,
2022-11-03,,,,,,,"","","","",,
2022-11-04,,,,,,,,,,,,
2022-11-05,,,,,,,,,,,,
2022-11-06,,,,,,,"","","","",,
2022-11-07,,,,,,,,,,,,
2022-11-08,,,,,,,,,,,,
2022-11-09,,,,,,,"","","","",,
2022-11-10,,,,,,,,,,,,
2022-11-11,,,,,,,,,,,,
2022-11-12,,,,,,,"","","","",,
2022-11-13,,,,,,,,,,,,
2022-11-14,,,,,,,,,,,,
2022-11-15,,,,,,,,,,,,
2022-11-16,,,,,,,"","","","",,
2022-11-17,,,,,,,,,,,,
2022-11-18,,,,,,,,,,,,
2022-11-19,,,,,,,"","","","",,
2022-11-20,,,,,,,,,,,,
2022-11-21,,,,,,,,,,,,
2022-11-22,,,,,,,,,,,,
2022-11-23,2,2,1,2,2,1,"WdS","PS","","","SS","PS"
2022-11-24,2,2,1,2,2,1,"WdS","PS","","","WdS","PS"
2022-11-25,2,2,1,2,2,1,"WdS","PS","","","WdS","PS"
2022-11-26,3,2,1,3,2,1,"WdS","PS","","","WdS","PS"
2022-11-27,2,2,1,2,2,1,"WdS","PS","","","WdS","PS"
2022-11-28,2,2,1,2,2,1,"WdS","PS","","","WdS","PS"
2022-11-29,2,1,1,2,1,1,"PS","","","","PS",
2022-11-30,2,1,1,2,1,1,"PS","","","","PS",
2022-12-01,2,2,1,,,,"WdS","PS","","",,
2022-12-02,2,1,1,2,1,1,"WdS","PS","","","WdS","PS"
2022-12-03,2,1,1,1,1,1,"PS","","","",,
2022-12-04,1,1,1,1,1,1,"","","","",,
2022-12-05,2,1,1,1,1,1,"WdS","","","",,
2022-12-06,2,1,1,,,,"WdS","","","",,
2022-12-07,3,3,2,3,3,2,"WdS","","","","WdS",
2022-12-08,3,3,2,3,2,2,"WdS","","","",,
2022-12-09,3,3,2,3,3,2,"WdS","","","",,
2022-12-10,2,2,1,2,2,1,"WdS","","","",,
2022-12-11,4,4,4,4,4,3,"SS","","","",,
2022-12-12,4,4,3,4,4,3,"SS","","","PS",,
2022-12-13,3,3,2,3,3,2,"WdS","","","",,
2022-12-14,2,2,2,2,2,2,"WdS","","","","WdS",
2022-12-15,3,3,2,3,3,2,"WdS","","","",,
2022-12-16,2,2,1,3,3,2,"WdS","","","PS","PS",
2022-12-17,3,3,2,2,2,2,"PS","","","",,
2022-12-18,2,2,2,2,2,2,"PS","","","",,
2022-12-19,2,2,2,2,2,2,"PS","","","",,
2022-12-20,2,2,2,2,2,2,"PS","","","",,
2022-12-21,2,2,1,2,2,1,"WdS","PS","","",,
2022-12-22,2,2,1,2,2,1,"WdS","PS","","",,
2022-12-23,2,2,1,3,2,1,"PS","","","","WdS","PS"
2022-12-24,2,2,1,2,2,1,"PS","WdS","","",,
2022-12-25,3,3,2,3,3,2,"WdS","PS","","",,
2022-12-26,4,4,4,4,4,4,"SS","PS","","",,
2022-12-27,4,4,4,3,3,2,"SS","PS","","",,
2022-12-28,3,3,2,3,2,2,"SS","PS","","","SS","PS"
2022-12-29,3,2,1,3,2,1,"WdS","PS","","","WdS","PS"
2022-12-30,2,2,1,2,1,1,"WdS","PS","","","WdS","PS"
2022-12-31,3,3,2,3,3,2,"WdS","PS","","",,
2023-01-01,4,4,4,4,4,4,"SS","PS","","",,
2023-01-02,3,3,2,3,3,2,"SS","PS","","",,
2023-01-03,3,3,2,3,3,2,"SS","PS","","",,
2023-01-04,3,3,2,3,2,2,"SS","PS","","",,
2023-01-05,3,2,1,3,2,1,"WdS","PS","","","PS",
2023-01-06,3,2,1,3,2,1,"PS","","","","PS",
2023-01-07,2,2,1,3,2,1,"PS","","","",,
2023-01-08,3,2,1,3,2,1,"PS","","","",,
2023-01-09,3,2,1,3,2,1,"PS","","","",,
2023-01-10,3,2,1,,,,"WdS","PS","","",,
2023-01-11,3,2,1,3,2,1,"PS","WdS","","","PS","WdS"
2023-01-12,2,2,1,3,2,1,"DS","WdS","","","DS","WdS"
2023-01-13,2,2,1,2,2,1,"DS","WdS","","","DS","WdS"
2023-01-14,3,2,1,,,,"DS","WdS","","",,
2023-01-15,3,2,1,3,2,1,"WdS","DS","","","WdS","DS"
2023-01-16,3,2,1,3,2,1,"WdS","DS","","",,
2023-01-17,3,3,3,,,,"SS","DS","","",,
2023-01-18,3,3,2,3,3,2,"PS","DS","","","PS","DS"
2023-01-19,4,3,3,4,3,3,"PS","DS","","",,
2023-01-20,3,3,2,3,3,2,"PS","DS","","","PS","DS"
2023-01-21,3,3,2,3,3,2,"PS","DS","","",,
2023-01-22,4,3,3,4,3,3,"PS","DS","","",,
2023-01-23,3,3,2,,,,"PS","DS","","",,
2023-01-24,4,3,3,3,3,2,"PS","DS","","","PS","DS"
2023-01-25,3,3,2,3,3,2,"PS","DS","","","PS","DS"
2023-01-26,3,2,1,3,2,1,"PS","DS","","","PS","DL"
2023-01-27,3,2,1,3,2,1,"PS","DS","","","PS","DS"
2023-01-28,3,2,1,2,2,1,"PS","DS","","","PS","DS"
2023-01-29,2,2,1,2,2,1,"PS","DS","","","PS","DS"
2023-01-30,2,2,1,2,2,1,"PS","DS","","","PS","DS"
2023-01-31,2,2,1,2,2,1,"PS","DS","","","PS","DS"
2023-02-01,2,2,1,2,2,1,"PS","DS","","","PS","PS"
2023-02-02,2,2,1,2,2,1,"PS","","","DS","PS","DS"
2023-02-03,2,2,1,2,2,1,"PS","","","DS","PS","DS"
2023-02-04,2,2,1,2,2,1,"PS","","","DS","PS","DS"
2023-02-05,4,4,4,4,4,4,"SS","PS","","DS","SS","PS"
2023-02-06,3,3,3,,,,"SS","PS","","DS",,
2023-02-07,3,3,2,3,3,2,"SS","PS","","DS","SS","PS"
2023-02-08,2,2,1,,,,"WdS","PS","","DS",,
2023-02-09,2,2,1,2,2,1,"WdS","PS","","DS","WdS","PS"
2023-02-10,4,3,3,4,3,3,"WdS","PS","","DS","WdS","PS"
2023-02-11,3,3,2,3,3,2,"WdS","PS","","DS","WdS","PS"
2023-02-12,2,2,2,2,2,2,"PS","WdS","","DS","PS","WdS"
2023-02-13,3,2,2,3,2,2,"WdS","PS","","DS","WdS","WdS"
2023-02-14,3,3,3,3,3,3,"WdS","PS","","DS",,
2023-02-15,3,2,2,3,2,2,"WdS","PS","","DS","WdS","PS"
2023-02-16,2,2,1,2,2,1,"WdS","PS","","DS",,
2023-02-17,3,2,2,3,2,2,"WdS","PS","","DS","WdS","PS"
2023-02-18,3,2,2,3,2,2,"WdS","PS","","DS","WdS","PS"
2023-02-19,2,2,1,2,2,1,"WdS","PS","","DS","WdS","PS"
2023-02-20,3,2,1,3,2,1,"WdS","PS","","DS","WdS","PS"
2023-02-21,2,2,1,2,2,1,"WdS","PS","","DS","WdS","PS"
2023-02-22,2,2,1,2,2,1,"WdS","PS","","DS","WdS","PS"
2023-02-23,3,3,2,3,2,1,"WdS","PS","","","WdS","PS"
2023-02-24,2,2,1,2,2,1,"WdS","PS","","","WdS","PS"
2023-02-25,3,2,1,3,2,1,"WdS","PS","","DS","WdS","PS"
2023-02-26,3,2,1,3,2,1,"WdS","PS","","DS","WdS","PS"
2023-02-27,2,2,1,2,2,1,"WdS","PS","","","WdS","PS"
2023-02-28,3,2,2,3,3,2,"SS","PS","","","SS","PS"
2023-03-01,3,3,2,3,3,2,"SS","PS","","","SS","PS"
2023-03-02,3,3,2,3,2,1,"WdS","PS","","","WdS","PS"
2023-03-03,3,3,2,3,2,2,"WdS","PS","","","WdS","PS"
2023-03-04,3,2,1,3,2,1,"WdS","PS","","","WdS","PS"
2023-03-05,2,2,1,2,2,1,"WdS","WL","","PS","WdS","WL"
2023-03-06,2,2,1,2,2,1,"WL","","","PS","WL","PS"
2023-03-07,2,2,1,2,2,1,"WL","","","PS","WL","PS"
2023-03-08,2,2,1,2,2,1,"WL","","","PS","WL","PS"
2023-03-09,2,1,1,2,1,1,"WdS","","","PS",,
2023-03-10,1,1,1,1,1,1,"","","","PS",,
2023-03-11,1,1,1,1,1,1,"","","","PS",,
2023-03-12,1,1,1,1,1,1,"","","","PS",,
2023-03-13,1,1,1,,,,"","","","PS",,
2023-03-14,1,1,1,1,1,1,"","","","PS",,
2023-03-15,2,2,2,3,2,2,"WdS","","","PS",,
2023-03-16,3,2,2,3,2,2,"SS","","","PS",,
2023-03-17,4,4,4,4,4,4,"SS","","","PS",,
2023-03-18,4,4,4,4,4,4,"SS","PS","","",,
2023-03-19,4,4,3,4,4,3,"SS","PS","","","SS","PS"
2023-03-20,3,3,3,3,3,3,"SS","DS","","",,
2023-03-21,3,3,2,3,3,2,"WdS","DS","","",,
2023-03-22,4,4,4,4,4,4,"SS","DS","","",,
2023-03-23,4,4,3,4,4,3,"SS","PS","","",,
2023-03-24,3,3,2,3,3,2,"WdS","DS","","",,
2023-03-25,3,3,2,,,,"WdS","DS","","",,
2023-03-26,3,3,3,3,3,3,"DS","WL","","","DS",""
2023-03-27,3,3,3,3,3,3,"DS","WL","","",,
2023-03-28,3,3,2,,,,"DS","WL","","",,
2023-03-29,3,3,2,,,,"DS","WdS","","",,
2023-03-30,3,3,2,3,3,2,"DS","WdS","","","DS","WdS"
2023-03-31,3,3,2,3,3,2,"DS","","","",,
2023-04-01,3,3,2,,,,"DS","WdS","","",,
2023-04-02,3,3,2,,,,"DS","WdS","","",,
2023-04-03,3,2,2,3,2,2,"WdS","DS","","",,
2023-04-04,3,2,2,2,2,2,"WdS","DS","","",,
2023-04-05,2,2,2,2,2,1,"WL","DS","","","DS",
2023-04-06,2,2,1,,,,"WL","DS","","",,
2023-04-07,2,2,1,2,2,1,"DS","","","","DS",
2023-04-08,2,2,1,2,2,1,"DS","WdS","","",,
2023-04-09,3,2,2,,,,"SS","DS","","",,
2023-04-10,3,3,3,,,,"SS","DS","","",,
2023-04-11,3,3,3,3,3,3,"SS","DS","","",,
2023-04-12,3,2,2,,,,"SS","","","DS",,
2023-04-13,2,2,2,2,2,1,"SS","","","DS","SS","DS"
2023-04-14,3,2,1,,,,"WdS","","","DS",,
2023-04-15,2,2,2,,,,"WL","","","DS",,
2023-04-16,2,2,2,,,,"WL","WdS","","DS",,
2023-04-17,,,,,,,,,,,,
2023-04-18,2,2,2,,,,"WL","","","DS",,
2023-04-19,,,,,,,,,,,,
2023-04-20,3,2,2,,,,"DS","WL","","",,
2023-04-21,,,,,,,,,,,,
2023-04-22,2,2,2,,,,"DS","","","",,
2023-04-23,2,2,2,,,,"DS","","","",,
2023-04-24,,,,,,,,,,,,
2023-04-25,3,2,2,,,,"SS","DS","","",,
2023-04-26,,,,,,,,,,,,
2023-04-27,3,2,2,,,,"SS","DS","","",,
2023-04-28,,,,,,,,,,,,
2023-04-29,2,2,1,,,,"PS","WL","","DS",,
2023-04-30,3,2,1,,,,"PS","WL","","DS",,
2023-05-03,,,,,,,"","","","",,
2023-05-06,,,,,,,"","","","",,
2023-05-08,,,,,,,"Springtime-high-low.png","","","",,
2023-09-23,,,,,,,"","","","",,
2023-11-01,,,,,,,,,,,,
2023-11-02,,,,,,,,,,,,
2023-11-03,,,,,,,,,,,,
2023-11-04,,,,,,,,,,,,
2023-11-05,,,,,,,,,,,,
2023-11-06,,,,,,,,,,,,
2023-11-07,,,,,,,"","","","",,
2023-11-08,,,,,,,,,,,,
2023-11-09,,,,,,,,,,,,
2023-11-10,,,,,,,"","","","",,
2023-11-11,,,,,,,,,,,,
2023-11-12,,,,,,,,,,,,
2023-11-13,,,,,,,"","","","",,
2023-11-14,,,,,,,,,,,,
2023-11-15,,,,,,,"","","","",,
2023-11-16,,,,,,,,,,,,
2023-11-17,,,,,,,,,,,,
2023-11-18,2,2,1,,,,"PS","WdS","","",,
2023-11-19,2,2,1,,,,"PS","WdS","","G",,
2023-11-20,2,2,1,,,,"PS","","","G",,
2023-11-21,2,2,1,,,,"PS","","","G",,
2023-11-22,3,2,2,,,,"WdS","PS","","G",,
2023-11-23,2,2,2,,,,"WL","PS","","G",,
2023-11-24,3,3,3,3,3,3,"WL","WdS","","G","WL","WdS"
2023-11-25,3,3,3,3,2,2,"WL","WdS","","G","WL","WdS"
2023-11-26,3,2,2,3,2,2,"WL","WdS","","G","WL","WdS"
2023-11-27,3,2,2,3,2,2,"WdS","WL","","G","WdS","WL"
2023-11-28,3,3,2,3,3,2,"WdS","","","","WdS",
2023-11-29,4,4,4,,,,"SS","","","",,
2023-11-30,4,3,3,,,,"SS","","","",,
2023-12-01,3,3,2,,,,"SS","","","",,
2023-12-02,2,2,1,2,2,1,"WdS","","","","WdS",
2023-12-03,2,1,1,2,1,1,"WdS","","","DS","WdS",
2023-12-04,2,2,1,,,,"WdS","","","PS",,
2023-12-05,2,2,1,,,,"WdS","","","PS",,
2023-12-06,2,1,1,,,,"WdS","","","PS",,
2023-12-07,2,2,1,2,2,1,"WdS","","","PS","WdS",
2023-12-08,2,2,1,,,,"WdS","","","PS",,
2023-12-09,3,2,1,3,2,1,"WdS","","","PS","WdS",
2023-12-10,3,3,3,3,3,3,"WdS","","","PS","WdS","PS"
2023-12-11,4,4,4,4,4,4,"SS","PS","","","SS","PS"
2023-12-12,3,3,2,,,,"WdS","PS","","",,
2023-12-13,3,2,2,,,,"WdS","PS","","",,
2023-12-14,3,3,2,3,3,2,"WdS","PS","","","WdS","PS"
2023-12-15,3,2,2,3,3,2,"WdS","PS","","G","WdS","PS"
2023-12-16,3,3,3,3,3,3,"WdS","PS","","G","WdS","PS"
2023-12-17,3,3,3,3,3,3,"SS","PS","","","SS","PS"
2023-12-18,2,2,2,,,,"PS","","","",,
2023-12-19,3,3,2,3,3,2,"WdS","PS","","","WdS","PS"
2023-12-20,2,2,2,3,2,2,"SS","PS","","","SS","PS"
2023-12-21,2,2,2,2,2,2,"DL","PS","","G","DL","PS"
2023-12-22,3,2,2,,,,"WdS","PS","","G",,
2023-12-23,4,4,4,4,4,4,"SS","PS","","G","SS","PS"
2023-12-24,4,4,4,4,4,4,"SS","DS","","G","SS","DS"
2023-12-25,3,3,3,3,3,3,"SS","DS","","G","SS","DS"
2023-12-26,3,2,2,2,2,1,"SS","G","","DS","SS","G"
2023-12-27,2,2,1,2,2,1,"WdS","G","","DS","WdS","G"
2023-12-28,2,2,1,2,2,1,"WdS","G","","DS","WdS","G"
2023-12-29,2,2,1,,,,"WdS","G","","DS",,
2023-12-30,2,2,1,2,2,1,"G","WdS","","","G","WdS"
2023-12-31,3,2,2,3,2,2,"WdS","G","","","WdS","G"
2024-01-01,2,2,1,2,2,1,"WdS","G","","","WdS","G"
2024-01-02,3,3,2,3,3,2,"WdS","G","","","WdS","G"
2024-01-03,4,4,4,4,4,4,"SS","G","","","SS","G"
2024-01-04,3,3,2,,,,"SS","G","","",,
2024-01-05,3,3,2,,,,"SS","G","","",,
2024-01-06,3,3,2,2,2,1,"SS","G","","","WdS","G"
2024-01-07,4,4,4,4,4,4,"SS","G","","","SS","G"
2024-01-08,3,3,2,3,3,2,"SS","G","","",,
2024-01-09,3,3,2,3,3,2,"SS","G","","","SS","G"
2024-01-10,3,3,2,3,3,2,"PS","WdS","G","",,
2024-01-11,3,2,2,3,3,2,"WdS","PS","G","","WdS","PS"
2024-01-12,3,3,2,,,,"WdS","PS","G","",,
2024-01-13,3,2,2,2,2,1,"G","WdS","","PS","G","WdS"
2024-01-14,2,2,1,2,2,1,"G","WdS","","PS",,
2024-01-15,2,2,1,,,,"G","WdS","","PS",,
2024-01-16,3,2,1,2,2,1,"G","WdS","","PS",,
2024-01-17,3,2,1,3,2,1,"WdS","G","","",,
2024-01-18,2,2,1,,,,"G","WdS","","",,
2024-01-19,2,2,1,,,,"G","WdS","","",,
2024-01-20,2,2,1,2,2,1,"G","","","","G",
2024-01-21,2,2,1,2,2,1,"G","","","","G",
2024-01-22,2,2,1,2,2,1,"G","","","","G",
2024-01-23,2,2,1,2,2,1,"G","","","","G",
2024-01-24,2,2,1,2,2,1,"G","","","","G",
2024-01-25,2,2,1,2,2,1,"G","","","","G",
2024-01-26,2,2,1,2,2,1,"G","","","","G",
2024-01-27,2,2,1,2,2,1,"G","","","","G",
2024-01-28,2,2,1,2,2,1,"G","","","","G",
2024-01-29,3,3,3,3,3,3,"SS","G","","",,
2024-01-30,3,2,2,3,2,2,"WdS","G","","","WdS","G"
2024-01-31,2,2,2,2,2,2,"WdS","G","","",,
2024-02-01,3,2,2,3,2,2,"WdS","G","","","WdS","G"
2024-02-02,2,2,2,2,2,2,"WdS","G","","","WdS","G"
2024-02-03,2,2,1,2,2,1,"WdS","G","","","WdS","G"
2024-02-04,3,2,2,3,2,2,"WdS","G","","","WdS","G"
2024-02-05,3,3,2,3,3,2,"WdS","PS","","G",,
2024-02-06,2,2,2,2,2,2,"WdS","PS","","G","WdS","PS"
2024-02-07,3,2,2,3,2,2,"WdS","PS","","G",,
2024-02-08,3,3,2,3,2,2,"WdS","PS","","G","WdS","PS"
2024-02-09,4,4,4,4,4,4,"PS","SS","","G","PS","SS"
2024-02-10,4,4,3,4,4,3,"PS","SS","","G","PS","WdS"
2024-02-11,3,3,2,3,3,2,"PS","WdS","","G","PS","WdS"
2024-02-12,3,3,2,3,3,2,"WdS","PS","","G",,
2024-02-13,4,4,3,3,3,3,"WdS","PS","","G",,
2024-02-14,3,3,3,3,3,3,"WdS","PS","","G","WdS","PS"
2024-02-15,3,3,3,3,3,2,"WdS","PS","","G","WdS","PS"
2024-02-16,3,3,2,3,3,2,"WdS","PS","","","WdS","PS"
2024-02-17,3,3,2,3,3,2,"WdS","PS","","","WdS","PS"
2024-02-18,3,2,2,2,2,2,"WdS","PS","","","PS","WdS"
2024-02-19,3,2,2,,,,"WdS","PS","","",,
2024-02-20,4,4,4,,,,"WtS","SS","","",,
2024-02-21,3,3,3,,,,"WdS","WtS","","",,
2024-02-22,3,3,2,3,3,2,"WdS","PS","","","SS","PS"
2024-02-23,2,2,1,2,2,1,"WdS","PS","","","WdS","PS"
2024-02-24,3,2,2,,,,"WdS","PS","","",,
2024-02-25,3,2,1,3,2,1,"WdS","PS","","",,
2024-02-26,3,3,2,3,3,2,"WdS","PS","","",,
2024-02-27,3,2,1,,,,"WdS","PS","","",,
2024-02-28,3,2,1,2,2,1,"WdS","","","PS",,
2024-02-29,2,2,1,2,2,1,"WdS","","","PS",,
2024-03-01,2,2,1,2,2,1,"WdS","","","PS",,
2024-03-02,2,1,1,2,1,1,"WdS","","","PS","WdS",
2024-03-03,1,1,1,,,,"","","","",,
2024-03-04,2,1,1,2,1,1,"WdS","","","","WdS",
2024-03-05,2,2,1,2,1,1,"WdS","","","","WdS",
2024-03-06,3,2,2,3,2,2,"SS","","","",,
2024-03-07,2,2,2,2,2,2,"SS","WL","","",,
2024-03-08,2,2,2,2,2,2,"SS","","","",,"WL"
2024-03-09,2,2,2,2,2,1,"PS","WL","","","PS",
2024-03-10,2,2,2,2,1,1,"WdS","","","PS","WdS",
2024-03-11,3,2,2,3,2,2,"WdS","","","PS","WdS",
2024-03-12,4,4,4,4,4,4,"SS","","","PS",,
2024-03-13,4,3,3,4,4,4,"SS","","","PS",,
2024-03-14,3,3,3,3,3,3,"SS","WL","","PS",,
2024-03-15,3,3,2,3,3,2,"SS","PS","","",,
2024-03-16,3,3,2,3,3,2,"WdS","PS","","","WdS","PS"
2024-03-17,3,3,2,3,2,2,"WdS","PS","","","WdS","PS"
2024-03-18,2,2,2,,,,"PS","WdS","","",,
2024-03-19,3,3,3,,,,"WL","PS","","",,
2024-03-20,2,2,2,,,,"WL","PS","","",,
2024-03-21,3,3,3,,,,"WL","PS","","",,
2024-03-22,2,2,2,2,2,1,"WdS","PS","","","WdS","PS"
2024-03-23,2,2,1,2,2,1,"WdS","PS","","","WdS","PS"
2024-03-24,2,2,2,,,,"WdS","PS","","",,
2024-03-25,3,3,3,,,,"WdS","PS","","",,
2024-03-26,2,2,2,,,,"WdS","PS","","",,
2024-03-27,2,2,2,,,,"WL","","","PS",,
2024-03-28,2,2,2,2,2,2,"WL","","","PS",,
2024-03-29,3,2,2,3,2,2,"WdS","WL","","PS","WdS","WL"
2024-03-30,4,3,3,3,3,3,"SS","WL","","PS","SS","WL"
2024-03-31,3,3,2,3,3,2,"WdS","WL","","PS","WdS","WL"
2024-04-01,3,3,2,,,,"WdS","","","",,
2024-04-02,3,3,2,3,3,2,"SS","","","",,
2024-04-03,3,3,2,,,,"SS","","","",,
2024-04-04,2,2,2,,,,"WdS","PS","","",,
2024-04-05,2,2,2,,,,"WdS","PS","","",,
2024-04-06,2,2,2,,,,"WdS","PS","","",,
2024-04-07,2,2,2,,,,"WdS","WL","","PS",,
2024-04-08,2,2,2,,,,"WL","","","PS",,
2024-04-09,3,3,2,,,,"WdS","","","",,
2024-04-10,3,3,2,,,,"SS","WL","","",,
2024-04-11,3,3,2,,,,"SS","","","",,
2024-04-12,3,2,2,,,,"SS","WL","","",,
2024-04-13,2,2,2,,,,"PS","WL","","",,
2024-04-14,2,2,2,,,,"PS","WL","","",,
2024-04-15,,,,,,,,,,,,
2024-04-16,2,2,2,,,,"WdS","WL","","PS",,
2024-04-17,,,,,,,,,,,,
2024-04-18,3,3,2,,,,"WdS","WL","","PS",,
2024-04-19,,,,,,,,,,,,
2024-04-20,2,2,2,,,,"WL","WdS","","PS",,
2024-04-21,3,3,3,,,,"WL","","","PS",,
2024-04-22,,,,,,,,,,,,
2024-04-23,3,3,3,,,,"WtS","","","PS",,
2024-04-24,,,,,,,,,,,,
2024-04-25,3,3,3,,,,"WL","","","",,
2024-04-26,,,,,,,,,,,,
2024-04-27,3,3,3,,,,"Springtime-high-low.png","","","",,
2024-04-28,3,3,3,,,,"Springtime-high-low.png","","","",,
2024-04-29,,,,,,,"Springtime-high-low.png","","","",,
2024-04-30,,,,,,,,,,,,
2024-09-25,,,,,,,"","","","",,
2024-10-16,,,,,,,"","","","",,
2024-11-01,,,,,,,,,,,,
2024-11-02,,,,,,,,,,,,
2024-11-03,,,,,,,,,,,,
2024-11-04,,,,,,,,,,,,
2024-11-05,,,,,,,,,,,,
2024-11-06,,,,,,,,,,,,
2024-11-07,,,,,,,,,,,,
2024-11-08,,,,,,,,,,,,
2024-11-09,,,,,,,,,,,,
2024-11-10,,,,,,,,,,,,
2024-11-11,,,,,,,,,,,,
2024-11-12,,,,,,,,,,,,
2024-11-13,,,,,,,,,,,,
2024-11-14,,,,,,,,,,,,
2024-11-15,,,,,,,,,,,,
2024-11-16,,,,,,,,,,,,
2024-11-17,,,,,,,,,,,,
2024-11-18,,,,,,,,,,,,
2024-11-19,,,,,,,,,,,,
2024-11-20,,,,,,,,,,,,
2024-11-21,,,,,,,,,,,,
2024-11-22,,,,,,,,,,,,
2024-11-23,2,2,1,2,2,1,,,,,"G",
2024-11-24,2,2,1,,,,,,,,,
2024-11-25,2,2,1,,,,,,,,,
2024-11-26,2,2,1,,,,,,,,,
2024-11-27,2,2,1,,,,,,,,,
2024-11-28,2,2,1,2,2,1,,,,,"G",
2024-11-29,2,2,1,,,,,,,,,
2024-11-30,2,2,1,,,,,,,,,
2024-12-01,2,2,1,,,,,,,,,
2024-12-02,2,2,1,,,,,,,,,
2024-12-03,3,2,1,,,,,,,,,
2024-12-04,3,3,2,,,,,,,,,
2024-12-05,3,3,2,,,,,,,,,
2024-12-06,3,3,2,,,,,,,,,
2024-12-07,3,3,1,,,,,,,,,
2024-12-08,3,3,,,,,,,,,,
2024-12-09,4,4,3,,,,,,,,,
2024-12-10,3,3,,,,,,,,,,
2024-12-11,4,4,3,,,,,,,,,
2024-12-12,3,2,,,,,,,,,,
2024-12-13,2,2,,,,,,,,,,
2024-12-14,2,2,,,,,,,,,,
2024-12-15,3,2,,,,,,,,,,
2024-12-16,3,2,,,,,,,,,,
2024-12-17,3,2,,,,,,,,,,
2024-12-18,2,2,,,,,,,,,,
2024-12-19,3,2,,,,,,,,,,
2024-12-20,3,2,,,,,,,,,,
2024-12-21,4,4,3,,,,,,,,,
2024-12-22,4,4,3,,,,,,,,,
2024-12-23,4,4,3,,,,,,,,,
2024-12-24,3,3,,,,,,,,,,
2024-12-25,3,2,,,,,,,,,,
2024-12-26,2,2,,,,,,,,,,
2024-12-27,2,2,,,,,,,,,,
2024-12-28,2,2,,2,1,,,,,,"PS","G"
2024-12-29,2,1,,2,1,,,,,,"PS","G"
2024-12-30,2,1,,2,1,,,,,,,
2024-12-31,3,2,,,,,,,,,,
2025-01-01,2,1,,,,,,,,,,
2025-01-02,1,1,,1,1,,,,,,"",
2025-01-03,1,1,,1,1,,,,,,"",
2025-01-04,2,1,,2,1,,,,,,"WdS",
2025-01-05,2,2,,2,2,,,,,,"WdS",
2025-01-06,4,4,3,4,4,3,,,,,,
2025-01-07,3,3,,3,3,,,,,,"","G"
2025-01-08,3,3,,3,3,,,,,,,
2025-01-09,4,4,3,,,,,,,,,
2025-01-10,3,2,,,,,,,,,,
2025-01-11,4,3,3,4,3,3,,,,,"SS","PS"
2025-01-12,4,4,4,,,,,,,,,
2025-01-13,3,3,2,3,3,2,,,,,"SS","PS"
2025-01-14,3,2,1,3,2,1,,,,,"WdS","PS"
2025-01-15,3,2,1,3,2,1,,,,,"WdS","DS"
2025-01-16,2,2,1,,,,,,,,,
2025-01-17,3,2,1,,,,,,,,,
2025-01-18,3,3,2,,,,,,,,,
2025-01-19,4,4,3,,,,,,,,,
2025-01-20,3,2,1,3,2,1,,,,,"SS","DS"
2025-01-21,4,3,2,4,3,2,,,,,"WdS","DS"
2025-01-22,3,3,2,2,2,1,,,,,"SS","DS"
2025-01-23,2,2,1,,,,,,,,,
2025-01-24,3,2,1,3,2,1,,,,,"WdS",
2025-01-25,4,4,4,,,,,,,,,
2025-01-26,4,4,4,4,4,4,,,,,"SS",
2025-01-27,3,3,2,3,3,2,,,,,"SS",
2025-01-28,2,2,1,2,1,1,,,,,"WdS",
2025-01-29,2,1,1,2,1,1,,,,,"WdS",
2025-01-30,2,2,1,2,2,1,,,,,"WdS",
2025-01-31,2,1,1,,,,,,,,,
2025-02-01,2,1,1,,,,,,,,,
2025-02-02,1,1,1,1,1,1,,,,,,
2025-02-03,1,1,1,1,1,1,,,,,,
2025-02-04,1,1,1,1,1,1,,,,,,
2025-02-05,1,1,1,1,1,1,,,,,,
2025-02-06,1,1,1,1,1,1,,,,,,
2025-02-07,1,1,1,1,1,1,,,,,,
2025-02-08,1,1,1,,,,,,,,,
2025-02-09,1,1,1,,,,,,,,,
2025-02-10,2,1,1,2,1,1,,,,,"WdS",
2025-02-11,2,1,1,2,1,1,,,,,"WdS",
2025-02-12,1,1,1,,,,,,,,,
2025-02-13,1,1,1,1,1,1,,,,,,
2025-02-14,2,1,1,2,1,1,,,,,"WdS",
2025-02-15,3,2,1,,,,,,,,,
2025-02-16,3,2,1,2,2,1,,,,,"WdS",
2025-02-17,2,2,1,2,2,1,,,,,"WdS",
2025-02-18,3,2,1,3,2,1,,,,,"WdS",
2025-02-19,2,1,1,,,,,,,,,
2025-02-20,2,2,1,2,2,1,,,,,"WdS",
2025-02-21,3,2,1,3,2,1,,,,,"WdS",
2025-02-22,2,2,1,,,,,,,,,
2025-02-23,3,2,1,,,,,,,,,
2025-02-24,2,2,1,,,,,,,,,
2025-02-25,2,2,1,2,2,1,,,,,"PS",
2025-02-26,2,2,1,3,2,1,,,,,"PS",
2025-02-27,3,2,1,3,2,1,,,,,"PS","WdS"
2025-02-28,3,3,2,3,3,2,,,,,"PS","WdS"
2025-03-01,3,3,2,3,3,2,,,,,"PS","WdS"
2025-03-02,3,3,2,,,,,,,,,
2025-03-03,3,3,2,3,3,2,,,,,"PS","WdS"
2025-03-04,3,3,2,,,,,,,,,
2025-03-05,3,3,2,,,,,,,,,
2025-03-06,4,4,3,,,,,,,,,
2025-03-07,3,3,2,,,,,,,,,
2025-03-08,3,3,2,3,3,2,,,,,"PS","WdS"
2025-03-09,4,3,2,,,,,,,,,""
2025-03-10,3,3,2,3,3,2,,,,,"PS","WdS"
2025-03-11,3,3,2,3,3,2,,,,,"PS","WdS"
2025-03-12,3,3,2,,,,,,,,,
2025-03-13,3,3,2,,,,,,,,,
2025-03-14,3,3,2,,,,,,,,,
2025-03-15,3,3,2,,,,,,,,,
2025-03-16,3,3,2,,,,,,,,,
2025-03-17,3,3,2,3,3,2,,,,,"PS",""
2025-03-18,3,3,2,3,3,2,,,,,"PS","WdS"
2025-03-19,3,3,2,3,3,2,,,,,"PS","WdS"
2025-03-20,3,3,2,,,,,,,,,
2025-03-21,3,3,2,,,,,,,,,
2025-03-22,3,3,2,,,,,,,,,
2025-03-23,3,3,2,3,3,2,,,,,"PS","WdS"
2025-03-24,3,3,2,3,3,2,,,,,"PS","WdS"
2025-03-25,3,3,2,,,,,,,,,
2025-03-26,3,3,2,,,,,,,,,
2025-03-27,3,3,2,,,,,,,,,
2025-03-28,3,3,2,3,3,2,,,,,"PS","G"
2025-03-29,3,3,2,3,3,2,,,,,"PS","G"
2025-03-30,3,3,2,,,,,,,,,
2025-03-31,3,3,2,,,,,,,,,
2025-04-01,3,3,2,3,3,2,,,,,"G","PS"
2025-04-02,3,3,2,,,,,,,,,
2025-04-03,3,3,2,,,,,,,,,
2025-04-04,4,4,4,4,4,4,,,,,"WtS","PS"
2025-04-05,4,4,4,,,,,,,,,
2025-04-06,3,3,3,,,,,,,,,
2025-04-07,3,3,3,4,4,4,,,,,"SS","WtS"
2025-04-08,3,3,3,3,3,3,,,,,"SS","WtS"
2025-04-09,3,3,3,,,,,,,,,
2025-04-10,3,3,2,,,,,,,,,
2025-04-11,3,3,2,3,3,2,,,,,"SS","PS"
2025-04-12,3,3,2,,,,,,,,,
2025-04-13,4,4,4,4,4,4,,,,,"SS","DS"
2025-04-14,,,,,,,,,,,,
2025-04-15,3,2,2,,,,,,,,,
2025-04-16,,,,,,,,,,,,
2025-04-17,3,3,3,,,,,,,,,
2025-04-18,,,,,,,,,,,,
2025-04-19,3,3,3,3,3,3,,,,,"WL","DS"
2025-04-20,2,2,2,,,,,,,,,
2025-04-21,,,,2,2,2,,,,,,
2025-04-22,2,2,2,,,,,,,,,
2025-04-23,,,,,,,,,,,,
2025-04-24,2,2,2,,,,,,,,,
2025-04-25,,,,,,,,,,,,
2025-04-26,2,2,2,,,,,,,,,
2025-04-27,2,2,2,,,,,,,,,
2025-04-28,,,,,,,,,,,,
2025-04-29,,,,,,,,,,,,
2025-04-30,,,,,,,,,,,,
2025-05-01,,,,,,,,,,,,
